Effective date ,S&P 500 Financials Bond Index,S&P 500  Consumer Discretionary Bond Index,S&P 500  Energy Bond Index,S&P 500 Telecommunication Services Bond Index,S&P 500  Industrials Bond Index
1/11/2012,2.35,2.76,2.82,2.67,2.22
2/11/2012,2.36,2.77,2.83,2.71,2.23
5/11/2012,2.35,2.75,2.8,2.7,2.21
6/11/2012,2.39,2.8,2.86,2.75,2.26
7/11/2012,2.34,2.74,2.79,2.68,2.21
8/11/2012,2.33,2.73,2.77,2.71,2.18
9/11/2012,2.34,2.73,2.79,2.71,2.2
12/11/2012,2.34,2.73,2.78,2.75,2.2
13/11/2012,2.32,2.74,2.79,2.76,2.2
14/11/2012,2.33,2.76,2.8,2.76,2.21
15/11/2012,2.36,2.77,2.81,2.77,2.23
16/11/2012,2.36,2.77,2.82,2.76,2.21
19/11/2012,2.36,2.8,2.85,2.79,2.24
20/11/2012,2.38,2.84,2.89,2.81,2.26
21/11/2012,2.39,2.86,2.91,2.83,2.28
22/11/2012,2.39,2.85,2.9,2.83,2.28
23/11/2012,2.4,2.86,2.91,2.84,2.28
26/11/2012,2.37,2.84,2.9,2.8,2.26
27/11/2012,2.36,2.84,2.89,2.81,2.23
28/11/2012,2.34,2.82,2.91,2.8,2.23
29/11/2012,2.33,2.83,2.92,2.81,2.24
30/11/2012,2.32,2.82,2.91,2.8,2.22
3/12/2012,2.33,2.84,2.93,2.77,2.3
4/12/2012,2.34,2.82,2.91,2.75,2.3
5/12/2012,2.32,2.81,2.9,2.73,2.3
6/12/2012,2.32,2.8,2.89,2.73,2.29
7/12/2012,2.34,2.83,2.92,2.77,2.31
10/12/2012,2.33,2.82,2.91,2.75,2.31
11/12/2012,2.35,2.84,2.93,2.76,2.33
12/12/2012,2.35,2.88,2.97,2.79,2.36
13/12/2012,2.37,2.89,2.98,2.8,2.37
14/12/2012,2.35,2.87,2.97,2.79,2.36
17/12/2012,2.37,2.92,3.01,2.83,2.39
18/12/2012,2.39,2.97,3.07,2.89,2.43
19/12/2012,2.34,2.93,3.02,2.85,2.39
20/12/2012,2.35,2.93,3.02,2.85,2.41
21/12/2012,2.34,2.88,2.97,2.82,2.38
24/12/2012,2.35,2.91,2.99,2.84,2.39
25/12/2012,2.35,2.91,3,2.84,2.39
26/12/2012,2.34,2.9,2.98,2.83,2.36
27/12/2012,2.31,2.85,2.93,2.78,2.33
28/12/2012,2.32,2.85,2.93,2.78,2.32
31/12/2012,2.34,2.88,2.97,2.82,2.34
1/1/2013,2.35,2.88,2.95,2.78,2.4
2/1/2013,2.35,2.93,2.99,2.81,2.44
3/1/2013,2.35,2.96,3.02,2.82,2.47
4/1/2013,2.35,2.95,3.01,2.83,2.47
7/1/2013,2.33,2.93,2.99,2.81,2.45
8/1/2013,2.32,2.91,2.97,2.81,2.44
9/1/2013,2.3,2.89,2.95,2.8,2.42
10/1/2013,2.31,2.91,2.98,2.82,2.44
11/1/2013,2.3,2.9,2.96,2.81,2.42
14/01/2013,2.3,2.89,2.95,2.81,2.42
15/01/2013,2.31,2.88,2.94,2.8,2.4
16/01/2013,2.31,2.89,2.94,2.81,2.41
17/01/2013,2.34,2.94,2.98,2.86,2.44
18/01/2013,2.32,2.91,2.95,2.85,2.42
21/01/2013,2.33,2.92,2.97,2.86,2.43
22/01/2013,2.31,2.9,2.95,2.84,2.41
23/01/2013,2.32,2.91,2.95,2.84,2.41
24/01/2013,2.32,2.92,2.97,2.84,2.42
25/01/2013,2.37,3,3.05,2.9,2.48
28/01/2013,2.37,3.01,3.07,2.91,2.49
29/01/2013,2.37,3.02,3.11,2.93,2.5
30/01/2013,2.37,3.03,3.13,2.96,2.51
31/01/2013,2.36,3.01,3.12,2.96,2.49
1/2/2013,2.38,3.05,3.14,2.97,2.46
4/2/2013,2.36,3.02,3.11,2.96,2.43
5/2/2013,2.38,3.06,3.14,2.98,2.46
6/2/2013,2.35,3.04,3.11,2.95,2.42
7/2/2013,2.34,3.03,3.09,2.95,2.41
8/2/2013,2.34,3.04,3.1,2.96,2.41
11/2/2013,2.34,3.03,3.1,2.95,2.41
12/2/2013,2.37,3.07,3.14,2.98,2.44
13/02/2013,2.37,3.08,3.16,3,2.46
14/02/2013,2.32,3.03,3.12,2.97,2.42
15/02/2013,2.33,3.03,3.13,2.98,2.43
18/02/2013,2.33,3.03,3.13,2.98,2.43
19/02/2013,2.35,3.05,3.14,3,2.45
20/02/2013,2.34,3.05,3.14,2.99,2.44
21/02/2013,2.32,3.01,3.1,2.97,2.41
22/02/2013,2.3,3.01,3.09,2.96,2.4
25/02/2013,2.26,2.95,3.04,2.92,2.35
26/02/2013,2.26,2.95,3.04,2.93,2.35
27/02/2013,2.27,2.97,3.05,2.95,2.36
28/02/2013,2.25,2.96,3.04,2.94,2.35
1/3/2013,2.27,2.97,3.02,2.91,2.34
4/3/2013,2.29,2.99,3.04,2.92,2.35
5/3/2013,2.28,3,3.06,2.93,2.37
6/3/2013,2.29,3.03,3.09,2.98,2.39
7/3/2013,2.32,3.07,3.13,3.01,2.42
8/3/2013,2.33,3.1,3.17,3.03,2.46
11/3/2013,2.33,3.1,3.16,3.03,2.45
12/3/2013,2.3,3.07,3.13,3.01,2.43
13/03/2013,2.3,3.07,3.14,3.02,2.43
14/03/2013,2.29,3.08,3.15,3.02,2.43
15/03/2013,2.27,3.04,3.12,3.01,2.41
18/03/2013,2.26,3.02,3.09,3,2.38
19/03/2013,2.24,2.99,3.06,2.97,2.35
20/03/2013,2.26,3.02,3.09,3,2.38
21/03/2013,2.27,3.02,3.08,3,2.38
22/03/2013,2.27,3.01,3.08,3,2.37
25/03/2013,2.28,3.01,3.08,3.01,2.38
26/03/2013,2.28,3.01,3.07,3.01,2.38
27/03/2013,2.28,2.98,3.03,2.99,2.35
28/03/2013,2.28,2.99,3.04,3,2.36
29/03/2013,2.28,2.99,3.04,3,2.36
1/4/2013,2.3,2.97,3.05,3,2.36
2/4/2013,2.31,2.99,3.06,3.05,2.37
3/4/2013,2.28,2.94,3.02,3,2.33
4/4/2013,2.26,2.9,2.97,2.97,2.3
5/4/2013,2.22,2.83,2.91,2.91,2.25
8/4/2013,2.24,2.86,2.95,2.92,2.28
9/4/2013,2.24,2.86,2.95,2.89,2.29
10/4/2013,2.25,2.89,2.99,2.92,2.32
11/4/2013,2.24,2.87,2.97,2.9,2.31
12/4/2013,2.21,2.82,2.91,2.82,2.26
15/04/2013,2.21,2.81,2.9,2.84,2.25
16/04/2013,2.22,2.83,2.91,2.86,2.27
17/04/2013,2.22,2.82,2.9,2.85,2.26
18/04/2013,2.21,2.81,2.89,2.84,2.25
19/04/2013,2.21,2.82,2.91,2.84,2.26
22/04/2013,2.2,2.81,2.91,2.84,2.26
23/04/2013,2.19,2.8,2.91,2.83,2.26
24/04/2013,2.19,2.8,2.9,2.82,2.25
25/04/2013,2.19,2.8,2.91,2.84,2.26
26/04/2013,2.17,2.76,2.86,2.79,2.22
29/04/2013,2.17,2.77,2.87,2.83,2.23
30/04/2013,2.16,2.78,2.88,2.81,2.23
1/5/2013,2.17,2.74,2.84,2.76,2.21
2/5/2013,2.16,2.74,2.84,2.77,2.2
3/5/2013,2.21,2.83,2.94,2.83,2.28
6/5/2013,2.21,2.84,2.95,2.84,2.29
7/5/2013,2.2,2.84,2.95,2.84,2.29
8/5/2013,2.19,2.82,2.93,2.82,2.28
9/5/2013,2.2,2.83,2.94,2.84,2.29
10/5/2013,2.25,2.9,3.02,2.89,2.35
13/05/2013,2.25,2.91,3.03,2.97,2.36
14/05/2013,2.27,2.93,3.05,2.98,2.37
15/05/2013,2.25,2.91,3.04,2.96,2.36
16/05/2013,2.2,2.85,2.97,2.9,2.31
17/05/2013,2.25,2.92,3.04,2.96,2.37
20/05/2013,2.25,2.92,3.04,2.95,2.37
21/05/2013,2.24,2.9,3.02,2.93,2.35
22/05/2013,2.3,2.96,3.08,2.95,2.41
23/05/2013,2.3,2.96,3.07,2.95,2.4
24/05/2013,2.29,2.95,3.06,2.95,2.39
27/05/2013,2.31,2.97,3.08,2.97,2.41
28/05/2013,2.37,3.05,3.16,3.04,2.48
29/05/2013,2.39,3.04,3.15,3.04,2.48
30/05/2013,2.4,3.05,3.17,3.04,2.49
31/05/2013,2.45,3.09,3.21,3.07,2.53
3/6/2013,2.47,3.09,3.21,3.06,2.54
4/6/2013,2.48,3.12,3.24,3.1,2.55
5/6/2013,2.5,3.11,3.25,3.1,2.55
6/6/2013,2.5,3.1,3.23,3.09,2.54
7/6/2013,2.54,3.17,3.3,3.18,2.6
10/6/2013,2.58,3.21,3.34,3.19,2.64
11/6/2013,2.59,3.2,3.34,3.19,2.63
12/6/2013,2.62,3.24,3.37,3.22,2.67
13/06/2013,2.58,3.19,3.34,3.19,2.63
14/06/2013,2.53,3.14,3.29,3.12,2.58
17/06/2013,2.55,3.18,3.33,3.14,2.61
18/06/2013,2.56,3.19,3.33,3.15,2.62
19/06/2013,2.69,3.31,3.46,3.27,2.74
20/06/2013,2.84,3.44,3.59,3.37,2.85
21/06/2013,2.91,3.5,3.67,3.4,2.91
24/06/2013,3,3.55,3.73,3.47,2.95
25/06/2013,3.03,3.59,3.76,3.5,2.99
26/06/2013,2.97,3.54,3.71,3.43,2.94
27/06/2013,2.9,3.51,3.65,3.41,2.89
28/06/2013,2.89,3.51,3.62,3.43,2.87
1/7/2013,2.89,3.55,3.57,3.41,2.89
2/7/2013,2.85,3.56,3.54,3.38,2.87
3/7/2013,2.88,3.58,3.57,3.4,2.89
4/7/2013,2.89,3.59,3.58,3.41,2.9
5/7/2013,3.01,3.75,3.74,3.55,3.05
8/7/2013,2.92,3.66,3.65,3.47,2.96
9/7/2013,2.89,3.64,3.62,3.44,2.95
10/7/2013,2.91,3.66,3.65,3.46,2.97
11/7/2013,2.81,3.55,3.55,3.36,2.88
12/7/2013,2.83,3.57,3.58,3.38,2.91
15/07/2013,2.81,3.52,3.52,3.36,2.87
16/07/2013,2.79,3.5,3.5,3.34,2.85
17/07/2013,2.74,3.46,3.45,3.31,2.81
18/07/2013,2.74,3.5,3.48,3.31,2.84
19/07/2013,2.7,3.48,3.42,3.26,2.79
22/07/2013,2.68,3.47,3.41,3.25,2.78
23/07/2013,2.69,3.48,3.42,3.3,2.8
24/07/2013,2.74,3.53,3.49,3.34,2.85
25/07/2013,2.75,3.54,3.51,3.36,2.85
26/07/2013,2.7,3.48,3.45,3.33,2.8
29/07/2013,2.72,3.51,3.49,3.36,2.82
30/07/2013,2.73,3.51,3.5,3.37,2.83
31/07/2013,2.72,3.49,3.5,3.35,2.83
1/8/2013,2.81,3.58,3.6,3.43,2.9
2/8/2013,2.7,3.49,3.49,3.34,2.8
5/8/2013,2.73,3.54,3.54,3.38,2.83
6/8/2013,2.72,3.55,3.54,3.38,2.83
7/8/2013,2.7,3.52,3.51,3.36,2.8
8/8/2013,2.68,3.51,3.5,3.35,2.79
9/8/2013,2.69,3.52,3.5,3.35,2.79
12/8/2013,2.71,3.55,3.53,3.38,2.82
13/08/2013,2.78,3.63,3.62,3.47,2.9
14/08/2013,2.77,3.63,3.62,3.46,2.89
15/08/2013,2.81,3.67,3.67,3.5,2.93
16/08/2013,2.85,3.72,3.72,3.52,2.97
19/08/2013,2.89,3.77,3.77,3.56,3.01
20/08/2013,2.85,3.72,3.72,3.5,2.96
21/08/2013,2.89,3.76,3.77,3.53,3
22/08/2013,2.93,3.78,3.8,3.57,3.04
23/08/2013,2.87,3.71,3.73,3.52,2.99
26/08/2013,2.85,3.7,3.71,3.5,2.97
27/08/2013,2.8,3.63,3.64,3.45,2.91
28/08/2013,2.85,3.68,3.69,3.52,2.96
29/08/2013,2.81,3.65,3.65,3.54,2.93
30/08/2013,2.81,3.64,3.64,3.54,2.92
2/9/2013,2.9,3.71,3.71,3.59,3.02
3/9/2013,2.9,3.74,3.72,3.65,3.03
4/9/2013,2.94,3.79,3.76,3.73,3.06
5/9/2013,3.01,3.88,3.83,3.9,3.13
6/9/2013,2.96,3.85,3.81,3.87,3.09
9/9/2013,2.93,3.81,3.77,3.85,3.05
10/9/2013,2.98,3.86,3.82,3.96,3.1
11/9/2013,2.95,3.82,3.79,3.87,3.06
12/9/2013,2.94,3.81,3.79,3.79,3.06
13/09/2013,2.93,3.81,3.79,3.76,3.06
16/09/2013,2.89,3.78,3.77,3.72,3.03
17/09/2013,2.86,3.76,3.74,3.71,3
18/09/2013,2.75,3.65,3.61,3.64,2.88
19/09/2013,2.75,3.68,3.64,3.65,2.91
20/09/2013,2.74,3.66,3.62,3.65,2.89
23/09/2013,2.73,3.65,3.61,3.65,2.88
24/09/2013,2.69,3.6,3.56,3.59,2.84
25/09/2013,2.66,3.58,3.53,3.56,2.82
26/09/2013,2.69,3.61,3.56,3.58,2.84
27/09/2013,2.68,3.7,3.55,3.54,2.83
30/09/2013,2.69,3.71,3.56,3.56,2.83
1/10/2013,2.73,3.63,3.59,3.84,2.85
2/10/2013,2.7,3.6,3.56,3.78,2.83
3/10/2013,2.68,3.58,3.55,3.75,2.82
4/10/2013,2.7,3.6,3.58,3.77,2.85
7/10/2013,2.7,3.59,3.57,3.78,2.84
8/10/2013,2.72,3.6,3.57,3.79,2.85
9/10/2013,2.72,3.6,3.58,3.81,2.85
10/10/2013,2.72,3.61,3.58,3.81,2.86
11/10/2013,2.7,3.59,3.57,3.78,2.84
14/10/2013,2.74,3.63,3.6,3.82,2.88
15/10/2013,2.71,3.61,3.59,3.8,2.86
16/10/2013,2.66,3.56,3.53,3.74,2.82
17/10/2013,2.6,3.49,3.46,3.68,2.75
18/10/2013,2.59,3.49,3.46,3.69,2.75
21/10/2013,2.6,3.5,3.47,3.71,2.77
22/10/2013,2.53,3.42,3.4,3.65,2.7
23/10/2013,2.52,3.41,3.39,3.65,2.69
24/10/2013,2.55,3.44,3.42,3.69,2.71
25/10/2013,2.54,3.42,3.4,3.69,2.69
28/10/2013,2.54,3.43,3.4,3.7,2.7
29/10/2013,2.52,3.43,3.4,3.67,2.69
30/10/2013,2.53,3.43,3.4,3.7,2.7
31/10/2013,2.53,3.44,3.41,3.75,2.7
1/11/2013,2.58,3.4,3.48,3.83,2.75
4/11/2013,2.56,3.39,3.46,3.81,2.73
5/11/2013,2.6,3.43,3.51,3.85,2.78
6/11/2013,2.56,3.41,3.49,3.84,2.74
7/11/2013,2.53,3.38,3.47,3.8,2.72
8/11/2013,2.62,3.48,3.58,3.91,2.81
11/11/2013,2.62,3.48,3.58,3.91,2.81
12/11/2013,2.64,3.49,3.6,3.92,2.83
13/11/2013,2.6,3.46,3.56,3.9,2.79
14/11/2013,2.55,3.42,3.51,3.86,2.75
15/11/2013,2.55,3.42,3.51,3.85,2.75
18/11/2013,2.52,3.38,3.47,3.81,2.72
19/11/2013,2.55,3.42,3.51,3.84,2.75
20/11/2013,2.57,3.46,3.56,3.89,2.78
21/11/2013,2.55,3.43,3.53,3.86,2.76
22/11/2013,2.53,3.42,3.5,3.85,2.73
25/11/2013,2.52,3.42,3.49,3.84,2.73
26/11/2013,2.49,3.38,3.45,3.79,2.69
27/11/2013,2.51,3.4,3.47,3.37,2.72
28/11/2013,2.52,3.41,3.48,3.37,2.72
29/11/2013,2.52,3.42,3.48,3.38,2.73
2/12/2013,2.57,3.46,3.55,3.8,2.76
3/12/2013,2.55,3.44,3.52,3.78,2.74
4/12/2013,2.59,3.48,3.58,3.82,2.79
5/12/2013,2.61,3.49,3.59,3.82,2.8
6/12/2013,2.62,3.5,3.61,3.82,2.81
9/12/2013,2.61,3.48,3.58,3.82,2.79
10/12/2013,2.57,3.43,3.53,3.75,2.74
11/12/2013,2.59,3.46,3.56,3.78,2.77
12/12/2013,2.61,3.48,3.59,3.8,2.8
13/12/2013,2.59,3.45,3.59,3.79,2.78
16/12/2013,2.6,3.46,3.59,3.79,2.78
17/12/2013,2.56,3.42,3.56,3.72,2.75
18/12/2013,2.56,3.44,3.58,3.74,2.77
19/12/2013,2.59,3.46,3.59,3.74,2.8
20/12/2013,2.58,3.42,3.56,3.71,2.77
23/12/2013,2.61,3.45,3.58,3.71,2.8
24/12/2013,2.65,3.49,3.64,3.76,2.85
25/12/2013,2.64,3.48,3.63,3.75,2.84
26/12/2013,2.65,3.48,3.64,3.75,2.84
27/12/2013,2.64,3.5,3.64,3.75,2.85
30/12/2013,2.61,3.47,3.6,3.71,2.82
31/12/2013,2.63,3.47,3.62,3.74,2.83
1/1/2014,2.66,3.51,3.63,3.72,2.87
2/1/2014,2.63,3.45,3.58,3.68,2.8
3/1/2014,2.64,3.48,3.6,3.69,2.85
6/1/2014,2.62,3.45,3.56,3.65,2.82
7/1/2014,2.59,3.47,3.54,3.67,2.8
8/1/2014,2.65,3.49,3.6,3.73,2.85
9/1/2014,2.62,3.47,3.57,3.7,2.83
10/1/2014,2.53,3.38,3.49,3.64,2.74
13/01/2014,2.51,3.36,3.46,3.62,2.72
14/01/2014,2.55,3.39,3.51,3.67,2.76
15/01/2014,2.56,3.42,3.51,3.67,2.76
16/01/2014,2.54,3.39,3.49,3.64,2.74
17/01/2014,2.53,3.37,3.47,3.64,2.73
20/01/2014,2.53,3.37,3.47,3.63,2.73
21/01/2014,2.53,3.37,3.47,3.63,2.73
22/01/2014,2.57,3.4,3.5,3.67,2.76
23/01/2014,2.52,3.32,3.43,3.61,2.69
24/01/2014,2.52,3.31,3.43,3.6,2.68
27/01/2014,2.54,3.36,3.47,3.62,2.71
28/01/2014,2.53,3.33,3.45,3.59,2.7
29/01/2014,2.49,3.28,3.39,3.55,2.65
30/01/2014,2.51,3.3,3.41,3.57,2.67
31/01/2014,2.5,3.28,3.4,3.56,2.65
3/2/2014,2.49,3.24,3.35,3.51,2.63
4/2/2014,2.51,3.27,3.38,3.55,2.66
5/2/2014,2.52,3.3,3.42,3.58,2.68
6/2/2014,2.53,3.32,3.44,3.59,2.7
7/2/2014,2.48,3.28,3.4,3.56,2.67
10/2/2014,2.48,3.29,3.4,3.56,2.67
11/2/2014,2.5,3.31,3.43,3.57,2.69
12/2/2014,2.53,3.33,3.45,3.58,2.72
13/02/2014,2.48,3.19,3.4,3.55,2.67
14/02/2014,2.49,3.2,3.41,3.52,2.68
17/02/2014,2.48,3.2,3.41,3.52,2.68
18/02/2014,2.45,3.17,3.37,3.51,2.65
19/02/2014,2.48,3.19,3.39,3.53,2.68
20/02/2014,2.49,3.21,3.41,3.56,2.69
21/02/2014,2.48,3.2,3.39,3.54,2.67
24/02/2014,2.49,3.21,3.4,3.55,2.68
25/02/2014,2.45,3.17,3.36,3.49,2.65
26/02/2014,2.42,3.14,3.34,3.46,2.62
27/02/2014,2.41,3.12,3.31,3.45,2.6
28/02/2014,2.41,3.12,3.32,3.45,2.61
3/3/2014,2.4,3.11,3.31,3.46,2.6
4/3/2014,2.46,3.16,3.38,3.51,2.66
5/3/2014,2.45,3.16,3.37,3.52,2.66
6/3/2014,2.48,3.2,3.41,3.56,2.69
7/3/2014,2.52,3.24,3.46,3.61,2.73
10/3/2014,2.52,3.24,3.45,3.61,2.73
11/3/2014,2.52,3.22,3.44,3.59,2.71
12/3/2014,2.5,3.2,3.42,3.57,2.69
13/03/2014,2.46,3.15,3.37,3.52,2.64
14/03/2014,2.47,3.16,3.37,3.53,2.64
17/03/2014,2.51,3.2,3.42,3.56,2.68
18/03/2014,2.48,3.19,3.4,3.53,2.66
19/03/2014,2.57,3.26,3.47,3.59,2.75
20/03/2014,2.57,3.25,3.47,3.57,2.74
21/03/2014,2.55,3.22,3.45,3.54,2.73
24/03/2014,2.55,3.21,3.44,3.52,2.72
25/03/2014,2.53,3.2,3.43,3.51,2.71
26/03/2014,2.49,3.17,3.39,3.48,2.68
27/03/2014,2.5,3.16,3.37,3.48,2.67
28/03/2014,2.52,3.19,3.4,3.5,2.7
31/03/2014,2.5,3.18,3.4,3.5,2.69
1/4/2014,2.53,3.23,3.39,3.56,2.74
2/4/2014,2.56,3.26,3.43,3.59,2.77
3/4/2014,2.55,3.24,3.4,3.57,2.75
4/4/2014,2.49,3.18,3.34,3.51,2.7
7/4/2014,2.47,3.15,3.31,3.5,2.67
8/4/2014,2.46,3.14,3.3,3.49,2.66
9/4/2014,2.45,3.14,3.29,3.49,2.65
10/4/2014,2.41,3.08,3.23,3.43,2.6
11/4/2014,2.41,3.08,3.23,3.39,2.6
14/04/2014,2.43,3.09,3.25,3.4,2.62
15/04/2014,2.43,3.09,3.24,3.39,2.61
16/04/2014,2.44,3.1,3.25,3.4,2.62
17/04/2014,2.5,3.16,3.31,3.53,2.68
18/04/2014,2.5,3.16,3.31,3.53,2.68
21/04/2014,2.49,3.15,3.3,3.5,2.68
22/04/2014,2.49,3.14,3.3,3.5,2.68
23/04/2014,2.47,3.1,3.27,3.46,2.65
24/04/2014,2.48,3.1,3.27,3.46,2.65
25/04/2014,2.47,3.08,3.25,3.45,2.64
28/04/2014,2.48,3.09,3.26,3.47,2.64
29/04/2014,2.49,3.1,3.27,3.48,2.66
30/04/2014,2.45,3.06,3.23,3.44,2.61
1/5/2014,2.46,3.02,3.19,3.39,2.61
2/5/2014,2.47,3.02,3.19,3.41,2.61
5/5/2014,2.47,3.04,3.2,3.42,2.63
6/5/2014,2.46,3.02,3.18,3.41,2.61
7/5/2014,2.46,3.02,3.18,3.41,2.61
8/5/2014,2.44,3,3.16,3.4,2.59
9/5/2014,2.45,3.02,3.17,3.42,2.61
12/5/2014,2.46,3.04,3.19,3.45,2.63
13/05/2014,2.43,3,3.16,3.4,2.59
14/05/2014,2.39,2.95,3.11,3.31,2.54
15/05/2014,2.38,2.94,3.09,3.3,2.54
16/05/2014,2.39,2.95,3.11,3.34,2.54
19/05/2014,2.39,2.96,3.11,3.33,2.55
20/05/2014,2.37,2.94,3.09,3.31,2.53
21/05/2014,2.39,2.97,3.11,3.33,2.55
22/05/2014,2.41,2.98,3.13,3.35,2.57
23/05/2014,2.39,2.96,3.11,3.34,2.55
26/05/2014,2.39,2.96,3.11,3.34,2.55
27/05/2014,2.38,2.95,3.1,3.32,2.54
28/05/2014,2.33,2.89,3.03,3.27,2.48
29/05/2014,2.34,2.91,3.06,3.28,2.5
30/05/2014,2.35,2.92,3.06,3.29,2.52
2/6/2014,2.43,2.99,3.13,3.34,2.59
3/6/2014,2.46,3.03,3.17,3.36,2.62
4/6/2014,2.46,3.04,3.17,3.38,2.63
5/6/2014,2.43,3.02,3.15,3.43,2.61
6/6/2014,2.44,3.03,3.17,3.43,2.62
9/6/2014,2.45,3.04,3.18,3.45,2.63
10/6/2014,2.47,3.06,3.2,3.46,2.65
11/6/2014,2.47,3.06,3.19,3.46,2.65
12/6/2014,2.43,3.01,3.15,3.41,2.61
13/06/2014,2.46,3.04,3.17,3.43,2.63
16/06/2014,2.46,3.03,3.16,3.42,2.63
17/06/2014,2.5,3.08,3.2,3.47,2.67
18/06/2014,2.48,3.05,3.17,3.44,2.64
19/06/2014,2.46,3.05,3.17,3.44,2.64
20/06/2014,2.46,3.05,3.16,3.43,2.64
23/06/2014,2.46,3.04,3.17,3.44,2.64
24/06/2014,2.44,3.01,3.13,3.4,2.61
25/06/2014,2.42,2.99,3.11,3.39,2.59
26/06/2014,2.4,2.96,3.08,3.35,2.57
27/06/2014,2.41,2.98,3.09,3.37,2.58
30/06/2014,2.4,2.96,3.07,3.36,2.57
1/7/2014,2.45,3.01,3.1,3.38,2.6
2/7/2014,2.49,3.05,3.15,3.45,2.65
3/7/2014,2.51,3.07,3.17,3.46,2.66
4/7/2014,2.51,3.07,3.16,3.46,2.66
7/7/2014,2.49,3.05,3.15,3.42,2.64
8/7/2014,2.46,3.01,3.11,3.39,2.61
9/7/2014,2.45,3,3.09,3.39,2.59
10/7/2014,2.44,2.99,3.08,3.39,2.58
11/7/2014,2.43,2.98,3.07,3.37,2.57
14/07/2014,2.46,3,3.1,3.4,2.59
15/07/2014,2.46,3.01,3.1,3.39,2.6
16/07/2014,2.46,3,3.1,3.39,2.59
17/07/2014,2.42,2.96,3.06,3.35,2.55
18/07/2014,2.44,2.99,3.08,3.38,2.56
21/07/2014,2.44,2.98,3.08,3.38,2.56
22/07/2014,2.43,2.97,3.06,3.37,2.55
23/07/2014,2.42,2.97,3.06,3.36,2.55
24/07/2014,2.46,3.01,3.1,3.36,2.58
25/07/2014,2.43,2.97,3.07,3.31,2.55
28/07/2014,2.45,3,3.09,3.35,2.57
29/07/2014,2.43,2.98,3.07,3.33,2.55
30/07/2014,2.5,3.05,3.14,3.4,2.62
31/07/2014,2.49,3.04,3.14,3.41,2.62
1/8/2014,2.46,3.01,3.11,3.41,2.57
4/8/2014,2.45,3,3.11,3.4,2.57
5/8/2014,2.45,3,3.11,3.4,2.56
6/8/2014,2.45,3,3.11,3.4,2.56
7/8/2014,2.42,2.96,3.08,3.36,2.53
8/8/2014,2.43,2.96,3.08,3.36,2.53
11/8/2014,2.44,2.97,3.08,3.37,2.54
12/8/2014,2.45,2.98,3.1,3.38,2.55
13/08/2014,2.42,2.96,3.08,3.34,2.53
14/08/2014,2.41,2.93,3.06,3.32,2.51
15/08/2014,2.38,2.9,3.03,3.28,2.48
18/08/2014,2.41,2.95,3.07,3.32,2.52
19/08/2014,2.42,2.96,3.09,3.32,2.53
20/08/2014,2.45,2.98,3.11,3.34,2.55
21/08/2014,2.43,2.96,3.09,3.32,2.54
22/08/2014,2.44,2.96,3.09,3.31,2.54
25/08/2014,2.44,2.95,3.08,3.3,2.54
26/08/2014,2.43,2.95,3.09,3.29,2.54
27/08/2014,2.41,2.92,3.06,3.25,2.51
28/08/2014,2.39,2.9,3.03,3.23,2.49
29/08/2014,2.39,2.91,3.04,3.25,2.49
1/9/2014,2.42,2.92,3.03,3.32,2.52
2/9/2014,2.47,2.98,3.1,3.42,2.57
3/9/2014,2.47,2.97,3.09,3.4,2.56
4/9/2014,2.5,3,3.13,3.43,2.6
5/9/2014,2.5,3.01,3.13,3.43,2.59
8/9/2014,2.51,3.01,3.14,3.44,2.6
9/9/2014,2.54,3.04,3.18,3.46,2.63
10/9/2014,2.57,3.07,3.21,3.52,2.65
11/9/2014,2.56,3.06,3.21,3.5,2.65
12/9/2014,2.6,3.12,3.27,3.57,2.71
15/09/2014,2.58,3.1,3.25,3.55,2.68
16/09/2014,2.57,3.1,3.26,3.55,2.68
17/09/2014,2.59,3.11,3.27,3.59,2.7
18/09/2014,2.61,3.13,3.29,3.62,2.71
19/09/2014,2.58,3.09,3.27,3.57,2.68
22/09/2014,2.56,3.08,3.26,3.56,2.66
23/09/2014,2.55,3.05,3.24,3.55,2.63
24/09/2014,2.58,3.1,3.28,3.59,2.67
25/09/2014,2.54,3.05,3.24,3.53,2.62
26/09/2014,2.6,3.08,3.27,3.59,2.66
29/09/2014,2.58,3.07,3.26,3.57,2.64
30/09/2014,2.6,3.09,3.28,3.59,2.66
1/10/2014,2.55,3.01,3.22,3.51,2.58
2/10/2014,2.58,3.05,3.25,3.53,2.61
3/10/2014,2.58,3.05,3.25,3.5,2.61
6/10/2014,2.55,3.02,3.23,3.49,2.59
7/10/2014,2.51,2.97,3.18,3.44,2.53
8/10/2014,2.47,2.95,3.17,3.44,2.51
9/10/2014,2.47,2.95,3.18,3.42,2.5
10/10/2014,2.46,2.93,3.18,3.42,2.49
13/10/2014,2.41,2.89,3.14,3.37,2.44
14/10/2014,2.4,2.87,3.13,3.36,2.42
15/10/2014,2.37,2.8,3.1,3.29,2.35
16/10/2014,2.43,2.88,3.15,3.36,2.41
17/10/2014,2.45,2.91,3.17,3.37,2.44
20/10/2014,2.43,2.88,3.15,3.35,2.43
21/10/2014,2.43,2.9,3.15,3.37,2.44
22/10/2014,2.45,2.92,3.17,3.4,2.46
23/10/2014,2.48,2.96,3.21,3.46,2.5
24/10/2014,2.47,2.96,3.21,3.53,2.5
27/10/2014,2.46,2.95,3.22,3.55,2.48
28/10/2014,2.48,2.97,3.25,3.56,2.5
29/10/2014,2.53,3.01,3.3,3.59,2.54
30/10/2014,2.51,3,3.29,3.58,2.53
31/10/2014,2.53,3.03,3.32,3.61,2.56
3/11/2014,2.57,3.04,3.34,3.63,2.58
4/11/2014,2.58,3.04,3.36,3.63,2.58
5/11/2014,2.58,3.05,3.37,3.64,2.58
6/11/2014,2.61,3.08,3.4,3.64,2.61
7/11/2014,2.56,3.02,3.36,3.6,2.56
10/11/2014,2.6,3.07,3.4,3.65,2.61
11/11/2014,2.6,3.07,3.4,3.65,2.61
12/11/2014,2.59,3.08,3.42,3.65,2.6
13/11/2014,2.58,3.07,3.42,3.64,2.59
14/11/2014,2.56,3.05,3.42,3.62,2.57
17/11/2014,2.59,3.09,3.46,3.68,2.6
18/11/2014,2.59,3.08,3.46,3.68,2.59
19/11/2014,2.62,3.11,3.49,3.69,2.61
20/11/2014,2.59,3.09,3.48,3.67,2.6
21/11/2014,2.58,3.07,3.44,3.63,2.58
24/11/2014,2.57,3.06,3.43,3.62,2.59
25/11/2014,2.53,3.02,3.38,3.58,2.55
26/11/2014,2.52,3,3.37,3.55,2.53
27/11/2014,2.5,2.98,3.35,3.54,2.52
28/11/2014,2.49,2.97,3.39,3.52,2.5
1/12/2014,2.5,3.01,3.5,3.57,2.54
2/12/2014,2.56,3.07,3.56,3.66,2.61
3/12/2014,2.57,3.07,3.56,3.64,2.6
4/12/2014,2.55,3.05,3.55,3.62,2.58
5/12/2014,2.62,3.1,3.62,3.65,2.64
8/12/2014,2.59,3.07,3.61,3.64,2.61
9/12/2014,2.57,3.05,3.63,3.64,2.59
10/12/2014,2.54,3.01,3.62,3.62,2.55
11/12/2014,2.56,3.03,3.67,3.65,2.57
12/12/2014,2.51,2.98,3.65,3.59,2.5
15/12/2014,2.55,3.01,3.69,3.62,2.55
16/12/2014,2.55,2.99,3.72,3.63,2.52
17/12/2014,2.63,3.06,3.78,3.68,2.59
18/12/2014,2.64,3.09,3.78,3.67,2.62
19/12/2014,2.62,3.06,3.75,3.64,2.6
22/12/2014,2.61,3.05,3.73,3.64,2.59
23/12/2014,2.67,3.12,3.8,3.73,2.66
24/12/2014,2.66,3.12,3.79,3.72,2.66
25/12/2014,2.67,3.12,3.79,3.72,2.66
26/12/2014,2.66,3.11,3.78,3.7,2.65
29/12/2014,2.63,3.06,3.74,3.67,2.62
30/12/2014,2.61,3.04,3.72,3.66,2.6
31/12/2014,2.59,3.02,3.71,3.64,2.58
1/1/2015,2.62,3.06,3.71,3.64,2.6
2/1/2015,2.59,3.02,3.67,3.6,2.56
5/1/2015,2.55,2.97,3.63,3.57,2.51
6/1/2015,2.51,2.92,3.61,3.52,2.46
7/1/2015,2.5,2.92,3.6,3.52,2.45
8/1/2015,2.53,2.96,3.64,3.57,2.49
9/1/2015,2.49,2.91,3.6,3.52,2.45
12/1/2015,2.45,2.87,3.57,3.48,2.41
13/01/2015,2.44,2.85,3.58,3.46,2.4
14/01/2015,2.42,2.83,3.57,3.46,2.37
15/01/2015,2.38,2.77,3.53,3.4,2.32
16/01/2015,2.44,2.82,3.59,3.47,2.37
19/01/2015,2.39,2.77,3.54,3.43,2.32
20/01/2015,2.44,2.81,3.58,3.45,2.36
21/01/2015,2.47,2.85,3.62,3.48,2.4
22/01/2015,2.48,2.87,3.64,3.47,2.42
23/01/2015,2.43,2.81,3.57,3.42,2.36
26/01/2015,2.44,2.83,3.58,3.42,2.38
27/01/2015,2.43,2.82,3.57,3.42,2.37
28/01/2015,2.36,2.74,3.48,3.32,2.29
29/01/2015,2.38,2.77,3.52,3.37,2.32
30/01/2015,2.33,2.71,3.46,3.31,2.26
2/2/2015,2.35,2.72,3.47,3.28,2.27
3/2/2015,2.41,2.8,3.53,3.35,2.35
4/2/2015,2.41,2.8,3.52,3.36,2.35
5/2/2015,2.41,2.81,3.51,3.4,2.36
6/2/2015,2.5,2.92,3.58,3.45,2.46
9/2/2015,2.5,2.92,3.56,3.47,2.47
10/2/2015,2.53,2.95,3.58,3.51,2.49
11/2/2015,2.52,2.95,3.56,3.51,2.48
12/2/2015,2.51,2.94,3.55,3.49,2.47
13/02/2015,2.52,2.96,3.56,3.53,2.49
16/02/2015,2.54,2.99,3.58,3.56,2.51
17/02/2015,2.59,3.05,3.64,3.62,2.57
18/02/2015,2.5,2.96,3.54,3.46,2.5
19/02/2015,2.53,2.99,3.57,3.56,2.52
20/02/2015,2.55,3,3.57,3.57,2.53
23/02/2015,2.49,2.93,3.5,3.52,2.47
24/02/2015,2.43,2.87,3.44,3.43,2.41
25/02/2015,2.43,2.86,3.43,3.43,2.4
26/02/2015,2.47,2.91,3.46,3.48,2.45
27/02/2015,2.46,2.89,3.44,3.48,2.43
2/3/2015,2.53,2.96,3.43,3.56,2.53
3/3/2015,2.55,2.98,3.45,3.56,2.55
4/3/2015,2.54,2.98,3.45,3.54,2.54
5/3/2015,2.52,2.96,3.42,3.48,2.53
6/3/2015,2.62,3.06,3.53,3.6,2.63
9/3/2015,2.59,3.02,3.49,3.57,2.59
10/3/2015,2.56,2.97,3.46,3.53,2.55
11/3/2015,2.56,2.97,3.45,3.54,2.54
12/3/2015,2.54,2.96,3.45,3.51,2.53
13/03/2015,2.55,2.98,3.49,3.58,2.54
16/03/2015,2.56,2.98,3.52,3.6,2.53
17/03/2015,2.56,2.96,3.51,3.58,2.52
18/03/2015,2.46,2.87,3.42,3.47,2.43
19/03/2015,2.49,2.9,3.45,3.49,2.46
20/03/2015,2.46,2.86,3.41,3.46,2.42
23/03/2015,2.45,2.86,3.41,3.45,2.42
24/03/2015,2.43,2.83,3.37,3.42,2.39
25/03/2015,2.46,2.86,3.41,3.46,2.43
26/03/2015,2.52,2.93,3.48,3.52,2.49
27/03/2015,2.46,2.87,3.41,3.43,2.43
30/03/2015,2.47,2.89,3.41,3.44,2.44
31/03/2015,2.43,2.86,3.38,3.46,2.42
1/4/2015,2.41,2.82,3.28,3.42,2.38
2/4/2015,2.43,2.85,3.3,3.44,2.4
3/4/2015,2.36,2.79,3.24,3.39,2.34
6/4/2015,2.41,2.84,3.29,3.43,2.39
7/4/2015,2.4,2.83,3.26,3.37,2.38
8/4/2015,2.4,2.83,3.25,3.4,2.38
9/4/2015,2.45,2.88,3.3,3.46,2.43
10/4/2015,2.44,2.87,3.28,3.44,2.41
13/04/2015,2.43,2.86,3.26,3.44,2.39
14/04/2015,2.41,2.83,3.04,3.43,2.36
15/04/2015,2.4,2.83,3.03,3.38,2.35
16/04/2015,2.38,2.81,3.02,3.3,2.33
17/04/2015,2.38,2.8,3,3.38,2.32
20/04/2015,2.41,2.85,3.05,3.42,2.36
21/04/2015,2.42,2.86,3.05,3.44,2.37
22/04/2015,2.45,2.91,3.09,3.48,2.41
23/04/2015,2.43,2.91,3.06,3.47,2.38
24/04/2015,2.4,2.9,3.04,3.44,2.36
27/04/2015,2.42,2.91,3.05,3.45,2.37
28/04/2015,2.45,2.97,3.1,3.51,2.41
29/04/2015,2.49,3.01,3.15,3.57,2.45
30/04/2015,2.5,3.01,3.16,3.6,2.46
1/5/2015,2.57,3.09,3.22,3.65,2.53
4/5/2015,2.56,3.1,3.23,3.67,2.54
5/5/2015,2.6,3.13,3.25,3.68,2.57
6/5/2015,2.63,3.17,3.3,3.72,2.61
7/5/2015,2.6,3.13,3.26,3.67,2.57
8/5/2015,2.56,3.1,3.23,3.65,2.54
11/5/2015,2.64,3.2,3.33,3.76,2.63
12/5/2015,2.62,3.17,3.3,3.74,2.61
13/05/2015,2.62,3.18,3.31,3.74,2.61
14/05/2015,2.58,3.15,3.27,3.73,2.58
15/05/2015,2.52,3.08,3.2,3.63,2.52
18/05/2015,2.59,3.16,3.28,3.72,2.59
19/05/2015,2.62,3.19,3.31,3.74,2.62
20/05/2015,2.61,3.2,3.3,3.76,2.61
21/05/2015,2.58,3.15,3.26,3.71,2.57
22/05/2015,2.62,3.21,3.31,3.75,2.62
25/05/2015,2.61,3.19,3.29,3.73,2.6
26/05/2015,2.57,3.12,3.24,3.67,2.56
27/05/2015,2.59,3.13,3.25,3.7,2.57
28/05/2015,2.58,3.12,3.25,3.7,2.57
29/05/2015,2.55,3.11,3.23,3.7,2.54
1/6/2015,2.66,3.21,3.51,3.69,2.65
2/6/2015,2.72,3.26,3.56,3.76,2.7
3/6/2015,2.77,3.33,3.62,3.79,2.76
4/6/2015,2.73,3.28,3.56,3.77,2.71
5/6/2015,2.8,3.36,3.64,3.85,2.79
8/6/2015,2.78,3.34,3.62,3.82,2.77
9/6/2015,2.81,3.37,3.66,3.86,2.81
10/6/2015,2.9,3.42,3.7,3.91,2.85
11/6/2015,2.84,3.35,3.63,3.83,2.79
12/6/2015,2.86,3.37,3.65,3.85,2.8
15/06/2015,2.84,3.36,3.64,3.86,2.79
16/06/2015,2.82,3.34,3.64,3.84,2.77
17/06/2015,2.82,3.34,3.64,3.84,2.77
18/06/2015,2.83,3.36,3.65,3.84,2.79
19/06/2015,2.78,3.3,3.59,3.77,2.72
22/06/2015,2.86,3.4,3.66,3.85,2.8
23/06/2015,2.91,3.43,3.71,3.91,2.84
24/06/2015,2.85,3.39,3.66,3.84,2.8
25/06/2015,2.87,3.41,3.69,3.87,2.82
26/06/2015,2.92,3.47,3.75,3.94,2.88
29/06/2015,2.83,3.35,3.64,3.84,2.77
30/06/2015,2.84,3.37,3.66,3.85,2.79
1/7/2015,2.87,3.46,3.74,4,2.88
2/7/2015,2.83,3.42,3.7,3.96,2.84
6/7/2015,2.75,3.33,3.62,3.87,2.74
7/7/2015,2.74,3.31,3.61,3.85,2.72
8/7/2015,2.72,3.29,3.6,3.85,2.7
9/7/2015,2.78,3.38,3.69,3.93,2.78
10/7/2015,2.87,3.47,3.77,4.01,2.87
13/07/2015,2.87,3.48,3.78,4.02,2.87
14/07/2015,2.86,3.46,3.76,4.01,2.85
15/07/2015,2.83,3.42,3.72,3.98,2.81
16/07/2015,2.84,3.43,3.73,3.98,2.83
17/07/2015,2.85,3.43,3.73,3.96,2.83
20/07/2015,2.88,3.46,3.77,4,2.86
21/07/2015,2.85,3.44,3.76,3.96,2.83
22/07/2015,2.85,3.43,3.77,3.95,2.82
23/07/2015,2.82,3.39,3.75,3.92,2.79
24/07/2015,2.82,3.39,3.76,3.93,2.79
27/07/2015,2.79,3.37,3.74,3.92,2.76
28/07/2015,2.81,3.39,3.78,3.93,2.78
29/07/2015,2.83,3.41,3.81,3.95,2.81
30/07/2015,2.83,3.41,3.8,3.95,2.81
31/07/2015,2.78,3.36,3.76,3.9,2.76
3/8/2015,2.77,3.34,3.7,3.91,2.73
4/8/2015,2.83,3.41,3.76,3.97,2.79
5/8/2015,2.87,3.46,3.81,4.03,2.84
6/8/2015,2.84,3.48,3.8,4.03,2.81
7/8/2015,2.81,3.44,3.76,3.99,2.78
10/8/2015,2.86,3.49,3.82,4.05,2.83
11/8/2015,2.79,3.41,3.75,3.99,2.75
12/8/2015,2.8,3.42,3.78,4.04,2.76
13/08/2015,2.85,3.47,3.85,4.08,2.81
14/08/2015,2.87,3.48,3.86,4.06,2.82
17/08/2015,2.83,3.44,3.83,4.01,2.79
18/08/2015,2.86,3.5,3.88,4.08,2.82
19/08/2015,2.8,3.44,3.84,4.04,2.76
20/08/2015,2.8,3.43,3.84,4.02,2.74
21/08/2015,2.77,3.4,3.84,4.02,2.72
24/08/2015,2.74,3.37,3.87,4.02,2.68
25/08/2015,2.85,3.49,3.99,4.11,2.81
26/08/2015,2.85,3.52,4.01,4.14,2.82
27/08/2015,2.84,3.5,3.98,4.06,2.81
28/08/2015,2.89,3.53,3.99,4.07,2.84
31/08/2015,2.9,3.54,4,4.08,2.86
1/9/2015,2.88,3.51,4,4.06,2.85
2/9/2015,2.89,3.52,4,4.07,2.86
3/9/2015,2.86,3.48,3.97,4.02,2.83
4/9/2015,2.83,3.45,3.94,3.97,2.8
8/9/2015,2.88,3.5,3.96,4.01,2.86
9/9/2015,2.87,3.47,3.93,3.97,2.84
10/9/2015,2.88,3.5,3.95,4.01,2.87
11/9/2015,2.85,3.46,3.92,3.99,2.83
14/09/2015,2.86,3.47,3.94,3.99,2.84
15/09/2015,2.94,3.56,4.03,4.08,2.92
16/09/2015,2.95,3.56,4.04,4.06,2.93
17/09/2015,2.85,3.46,3.94,3.97,2.83
18/09/2015,2.79,3.39,3.87,3.92,2.77
21/09/2015,2.86,3.47,3.95,4,2.84
22/09/2015,2.8,3.39,3.88,3.93,2.74
23/09/2015,2.82,3.41,3.9,3.95,2.74
24/09/2015,2.8,3.4,3.9,3.95,2.72
25/09/2015,2.84,3.44,3.95,4,2.76
28/09/2015,2.79,3.39,3.97,3.96,2.71
29/09/2015,2.77,3.38,3.99,3.95,2.7
30/09/2015,2.79,3.41,4.01,3.96,2.71
1/10/2015,2.82,3.4,4.03,3.98,2.73
2/10/2015,2.76,3.35,4,3.92,2.69
5/10/2015,2.8,3.41,4.03,3.94,2.75
6/10/2015,2.77,3.38,4,3.9,2.74
7/10/2015,2.79,3.39,3.97,3.89,2.75
8/10/2015,2.81,3.42,4.01,3.92,2.79
9/10/2015,2.8,3.41,3.98,3.9,2.78
13/10/2015,2.77,3.37,3.94,3.87,2.74
14/10/2015,2.71,3.31,3.87,3.82,2.68
15/10/2015,2.74,3.35,3.91,3.85,2.71
16/10/2015,2.75,3.34,3.91,3.84,2.72
19/10/2015,2.75,3.35,3.91,3.84,2.72
20/10/2015,2.77,3.39,3.93,3.87,2.75
21/10/2015,2.73,3.34,3.88,3.81,2.71
22/10/2015,2.72,3.32,3.88,3.77,2.7
23/10/2015,2.75,3.36,3.92,3.8,2.74
26/10/2015,2.72,3.32,3.89,3.75,2.72
27/10/2015,2.7,3.3,3.9,3.74,2.7
28/10/2015,2.76,3.36,3.97,3.82,2.75
29/10/2015,2.81,3.42,4.03,3.89,2.81
30/10/2015,2.79,3.4,4.02,3.87,2.79
2/11/2015,2.83,3.44,4.07,3.9,2.8
3/11/2015,2.86,3.47,4.1,3.95,2.82
4/11/2015,2.87,3.48,4.11,3.94,2.84
5/11/2015,2.87,3.49,4.12,3.93,2.85
6/11/2015,2.94,3.56,4.19,3.98,2.91
9/11/2015,2.93,3.56,4.2,3.97,2.91
10/11/2015,2.9,3.53,4.18,3.97,2.88
12/11/2015,2.91,3.54,4.2,3.99,2.89
13/11/2015,2.87,3.51,4.18,3.96,2.87
16/11/2015,2.86,3.5,4.2,3.97,2.86
17/11/2015,2.84,3.49,4.21,3.93,2.84
18/11/2015,2.85,3.5,4.22,3.95,2.85
19/11/2015,2.84,3.48,4.22,3.91,2.84
20/11/2015,2.86,3.5,4.26,3.93,2.85
23/11/2015,2.85,3.49,4.26,3.91,2.85
24/11/2015,2.85,3.48,4.28,3.92,2.84
25/11/2015,2.84,3.48,4.28,3.91,2.83
27/11/2015,2.84,3.48,4.28,3.9,2.83
30/11/2015,2.84,3.47,4.29,3.89,2.83
1/12/2015,2.81,3.42,4.24,3.83,2.81
2/12/2015,2.84,3.44,4.39,3.84,2.82
3/12/2015,2.95,3.56,4.49,3.98,2.94
4/12/2015,2.91,3.51,4.4,3.92,2.88
7/12/2015,2.88,3.48,4.39,3.87,2.85
8/12/2015,2.91,3.5,4.48,3.93,2.87
9/12/2015,2.89,3.48,4.39,3.91,2.85
10/12/2015,2.94,3.52,4.47,3.93,2.88
11/12/2015,2.86,3.44,4.46,3.89,2.8
14/12/2015,2.99,3.55,4.61,3.99,2.89
15/12/2015,3.02,3.59,4.69,4.02,2.92
16/12/2015,3.04,3.61,4.72,4.04,2.94
17/12/2015,3,3.56,4.79,3.99,2.91
18/12/2015,2.97,3.53,4.86,3.99,2.88
21/12/2015,2.96,3.54,4.87,3.99,2.88
22/12/2015,2.99,3.57,4.92,4.03,2.91
23/12/2015,3,3.59,4.91,4.03,2.93
24/12/2015,2.99,3.57,4.89,4.01,2.91
28/12/2015,2.98,3.56,4.88,4,2.91
29/12/2015,3.04,3.63,4.95,4.08,2.98
30/12/2015,3.02,3.62,4.94,4.06,2.96
31/12/2015,2.99,3.59,4.91,4.03,2.94
4/1/2016,3.01,3.6,4.84,4.03,2.93
5/1/2016,3.02,3.6,4.83,4.04,2.94
6/1/2016,2.97,3.54,4.79,3.97,2.87
7/1/2016,2.95,3.53,4.79,3.95,2.86
8/1/2016,2.94,3.52,4.79,3.94,2.84
11/1/2016,2.95,3.56,4.86,3.97,2.86
12/1/2016,2.92,3.51,4.87,3.93,2.81
13/01/2016,2.92,3.5,4.9,3.92,2.79
14/01/2016,2.94,3.53,5,3.97,2.82
15/01/2016,2.92,3.5,5.11,3.96,2.77
19/01/2016,2.95,3.52,5.19,3.96,2.79
20/01/2016,2.94,3.53,5.4,4,2.76
21/01/2016,2.96,3.56,5.43,4.03,2.8
22/01/2016,2.99,3.59,5.39,4,2.83
25/01/2016,2.99,3.58,5.39,4.02,2.82
26/01/2016,2.98,3.56,5.41,4.01,2.79
27/01/2016,2.99,3.58,5.46,4.03,2.8
28/01/2016,2.98,3.57,5.44,4.03,2.79
29/01/2016,2.94,3.53,5.4,4.01,2.75
1/2/2016,3,3.57,5.5,4.08,2.79
2/2/2016,2.93,3.5,5.5,3.99,2.71
3/2/2016,2.95,3.52,5.54,4.02,2.73
4/2/2016,2.95,3.52,5.51,3.99,2.71
5/2/2016,2.96,3.52,5.53,3.98,2.71
8/2/2016,2.92,3.44,5.48,3.93,2.65
9/2/2016,2.98,3.48,5.54,3.95,2.66
10/2/2016,2.97,3.47,5.58,3.94,2.65
11/2/2016,2.97,3.46,5.7,3.93,2.64
12/2/2016,3.04,3.54,5.79,4,2.71
16/02/2016,3.05,3.56,5.83,3.99,2.73
17/02/2016,3.07,3.58,5.82,4.03,2.76
18/02/2016,3,3.52,5.68,3.96,2.7
19/02/2016,3.01,3.53,5.76,3.94,2.71
22/02/2016,3.01,3.54,5.71,3.94,2.72
23/02/2016,2.99,3.51,5.68,3.92,2.7
24/02/2016,2.99,3.5,5.7,3.93,2.7
25/02/2016,2.95,3.46,5.62,3.86,2.66
26/02/2016,3.01,3.52,5.65,3.92,2.73
29/02/2016,2.98,3.49,5.57,3.85,2.7
1/3/2016,3.07,3.56,5.28,3.92,2.77
2/3/2016,3.06,3.54,5.21,3.89,2.76
3/3/2016,3.04,3.51,5.12,3.86,2.74
4/3/2016,3.07,3.54,5.1,3.88,2.78
7/3/2016,3.08,3.53,5.01,3.84,2.79
8/3/2016,3.02,3.46,4.94,3.74,2.73
9/3/2016,3.06,3.49,4.97,3.78,2.76
10/3/2016,3.06,3.49,4.95,3.74,2.78
11/3/2016,3.07,3.5,4.93,3.75,2.8
14/03/2016,3.03,3.46,4.85,3.69,2.79
15/03/2016,3.02,3.44,4.82,3.69,2.77
16/03/2016,2.96,3.38,4.74,3.67,2.72
17/03/2016,2.92,3.33,4.66,3.63,2.68
18/03/2016,2.88,3.29,4.59,3.63,2.64
21/03/2016,2.91,3.31,4.59,3.66,2.67
22/03/2016,2.91,3.3,4.53,3.64,2.67
23/03/2016,2.86,3.24,4.43,3.56,2.62
24/03/2016,2.88,3.26,4.47,3.6,2.63
28/03/2016,2.86,3.24,4.45,3.58,2.62
29/03/2016,2.8,3.18,4.42,3.53,2.56
30/03/2016,2.79,3.17,4.4,3.52,2.56
31/03/2016,2.75,3.13,4.35,3.46,2.51
1/4/2016,2.76,3.18,3.98,3.43,2.62
4/4/2016,2.74,3.16,3.97,3.41,2.61
5/4/2016,2.7,3.11,3.93,3.34,2.57
6/4/2016,2.72,3.12,3.97,3.33,2.59
7/4/2016,2.68,3.07,3.92,3.32,2.53
8/4/2016,2.7,3.1,3.93,3.36,2.55
11/4/2016,2.7,3.09,3.92,3.38,2.55
12/4/2016,2.74,3.14,3.93,3.49,2.59
13/04/2016,2.72,3.11,3.87,3.48,2.57
14/04/2016,2.73,3.12,3.86,3.47,2.58
15/04/2016,2.69,3.08,3.81,3.39,2.55
18/04/2016,2.71,3.09,3.82,3.47,2.56
19/04/2016,2.71,3.08,3.77,3.46,2.56
20/04/2016,2.75,3.13,3.78,3.5,2.61
21/04/2016,2.74,3.12,3.75,3.49,2.61
22/04/2016,2.75,3.12,3.74,3.5,2.62
25/04/2016,2.75,3.12,3.74,3.5,2.62
26/04/2016,2.76,3.12,3.76,3.52,2.63
27/04/2016,2.71,3.06,3.7,3.48,2.57
28/04/2016,2.71,3.07,3.7,3.49,2.57
29/04/2016,2.65,3.01,3.62,3.44,2.52
2/5/2016,2.69,3.06,3.66,3.46,2.57
3/5/2016,2.64,3,3.61,3.42,2.51
4/5/2016,2.63,3,3.62,3.45,2.49
5/5/2016,2.6,2.97,3.6,3.41,2.47
6/5/2016,2.63,3.01,3.65,3.47,2.5
9/5/2016,2.6,2.99,4.07,3.45,2.48
10/5/2016,2.61,3,3.75,3.44,2.48
11/5/2016,2.6,3,3.74,3.43,2.47
12/5/2016,2.63,3.04,3.95,3.47,2.5
13/05/2016,2.6,3.02,3.91,3.43,2.47
16/05/2016,2.65,3.06,3.94,3.49,2.51
17/05/2016,2.66,3.07,3.94,3.48,2.52
18/05/2016,2.76,3.18,4.02,3.6,2.62
19/05/2016,2.73,3.15,3.99,3.55,2.59
20/05/2016,2.73,3.16,4,3.56,2.59
23/05/2016,2.74,3.16,4.01,3.56,2.59
24/05/2016,2.74,3.17,4.01,3.58,2.61
25/05/2016,2.74,3.18,4,3.57,2.61
26/05/2016,2.68,3.12,3.94,3.51,2.56
27/05/2016,2.69,3.14,3.95,3.5,2.58
31/05/2016,2.69,3.13,3.94,3.5,2.58
1/6/2016,2.73,3.1,3.53,3.52,2.6
2/6/2016,2.7,3.07,3.5,3.5,2.57
3/6/2016,2.6,2.97,3.4,3.43,2.48
6/6/2016,2.62,2.99,3.41,3.43,2.5
7/6/2016,2.61,2.98,3.39,3.41,2.48
8/6/2016,2.6,2.96,3.36,3.4,2.47
9/6/2016,2.59,2.94,3.32,3.38,2.45
10/6/2016,2.56,2.91,3.29,3.38,2.42
13/06/2016,2.56,2.9,3.27,3.39,2.41
14/06/2016,2.58,2.92,3.29,3.41,2.42
15/06/2016,2.56,2.9,3.27,3.37,2.4
16/06/2016,2.56,2.89,3.26,3.37,2.39
17/06/2016,2.6,2.93,3.31,3.41,2.43
20/06/2016,2.61,2.96,3.32,3.41,2.46
21/06/2016,2.62,2.97,3.33,3.4,2.48
22/06/2016,2.61,2.95,3.3,3.39,2.47
23/06/2016,2.64,2.99,3.32,3.41,2.51
24/06/2016,2.54,2.88,3.24,3.34,2.41
27/06/2016,2.49,2.81,3.17,3.27,2.33
28/06/2016,2.5,2.81,3.17,3.27,2.34
29/06/2016,2.49,2.82,3.16,3.26,2.34
30/06/2016,2.48,2.82,3.14,3.26,2.34
1/7/2016,2.48,2.79,3.1,3.23,2.32
5/7/2016,2.41,2.71,3.03,3.12,2.25
6/7/2016,2.43,2.73,3.06,3.12,2.28
7/7/2016,2.42,2.71,3.04,3.08,2.27
8/7/2016,2.41,2.69,3.01,3.05,2.26
11/7/2016,2.45,2.73,3.04,3.05,2.3
12/7/2016,2.49,2.78,3.05,3.09,2.35
13/07/2016,2.45,2.73,2.99,3.04,2.31
14/07/2016,2.48,2.77,3.02,3.11,2.34
15/07/2016,2.52,2.81,3.08,3.16,2.39
18/07/2016,2.51,2.79,3.04,3.15,2.38
19/07/2016,2.5,2.77,3.02,3.14,2.35
20/07/2016,2.51,2.79,3.02,3.16,2.37
21/07/2016,2.48,2.76,2.99,3.15,2.35
22/07/2016,2.48,2.76,3,3.14,2.35
25/07/2016,2.49,2.77,3.03,3.16,2.37
26/07/2016,2.48,2.77,3.07,3.16,2.36
27/07/2016,2.44,2.73,3.05,3.14,2.31
28/07/2016,2.44,2.74,3.08,3.14,2.32
29/07/2016,2.39,2.69,3.06,3.1,2.27
1/8/2016,2.44,2.73,3.25,3.16,2.32
2/8/2016,2.46,2.77,3.3,3.2,2.34
3/8/2016,2.46,2.77,3.27,3.19,2.34
4/8/2016,2.42,2.74,3.21,3.15,2.31
5/8/2016,2.5,2.82,3.26,3.23,2.38
8/8/2016,2.49,2.81,3.23,3.2,2.37
9/8/2016,2.45,2.76,3.17,3.16,2.34
10/8/2016,2.42,2.73,3.15,3.13,2.31
11/8/2016,2.48,2.8,3.2,3.19,2.38
12/8/2016,2.43,2.74,3.14,3.12,2.33
15/08/2016,2.45,2.77,3.15,3.15,2.36
16/08/2016,2.47,2.79,3.16,3.15,2.37
17/08/2016,2.45,2.77,3.13,3.13,2.36
18/08/2016,2.41,2.74,3.09,3.11,2.33
19/08/2016,2.45,2.77,3.13,3.16,2.36
22/08/2016,2.41,2.73,3.08,3.1,2.32
23/08/2016,2.42,2.74,3.09,3.11,2.33
24/08/2016,2.41,2.74,3.08,3.11,2.33
25/08/2016,2.44,2.76,3.1,3.13,2.35
26/08/2016,2.49,2.81,3.13,3.19,2.4
29/08/2016,2.44,2.74,3.08,3.12,2.34
30/08/2016,2.45,2.75,3.09,3.13,2.34
31/08/2016,2.45,2.75,3.1,3.13,2.34
1/9/2016,2.44,2.75,3.12,3.13,2.35
2/9/2016,2.46,2.77,3.12,3.15,2.37
6/9/2016,2.4,2.72,3.07,3.1,2.32
7/9/2016,2.42,2.73,3.08,3.11,2.33
8/9/2016,2.49,2.8,3.15,3.19,2.4
9/9/2016,2.53,2.85,3.19,3.25,2.44
12/9/2016,2.54,2.85,3.18,3.24,2.43
13/09/2016,2.59,2.91,3.26,3.31,2.49
14/09/2016,2.54,2.86,3.21,3.26,2.45
15/09/2016,2.54,2.87,3.22,3.27,2.46
16/09/2016,2.56,2.88,3.22,3.26,2.46
19/09/2016,2.55,2.87,3.22,3.25,2.46
20/09/2016,2.54,2.86,3.23,3.26,2.45
21/09/2016,2.53,2.86,3.22,3.24,2.44
22/09/2016,2.49,2.82,3.17,3.21,2.41
23/09/2016,2.47,2.81,3.16,3.19,2.39
26/09/2016,2.47,2.79,3.14,3.17,2.38
27/09/2016,2.46,2.77,3.13,3.15,2.36
28/09/2016,2.47,2.77,3.13,3.16,2.37
29/09/2016,2.46,2.76,3.11,3.15,2.36
30/09/2016,2.5,2.81,3.14,3.19,2.4
3/10/2016,2.52,2.83,3.14,3.24,2.42
4/10/2016,2.56,2.87,3.17,3.29,2.46
5/10/2016,2.58,2.89,3.16,3.29,2.49
6/10/2016,2.59,2.9,3.16,3.3,2.5
7/10/2016,2.58,2.89,3.15,3.31,2.49
11/10/2016,2.6,2.91,3.15,3.31,2.51
12/10/2016,2.6,2.91,3.16,3.32,2.52
13/10/2016,2.56,2.87,3.12,3.29,2.48
14/10/2016,2.6,2.92,3.16,3.35,2.52
17/10/2016,2.57,2.89,3.13,3.31,2.49
18/10/2016,2.55,2.86,3.1,3.27,2.47
19/10/2016,2.54,2.86,3.08,3.27,2.47
20/10/2016,2.54,2.86,3.06,3.27,2.47
21/10/2016,2.54,2.87,3.06,3.32,2.47
24/10/2016,2.55,2.89,3.08,3.39,2.49
25/10/2016,2.55,2.89,3.08,3.4,2.49
26/10/2016,2.57,2.92,3.12,3.45,2.51
27/10/2016,2.6,2.96,3.16,3.5,2.55
28/10/2016,2.58,2.96,3.15,3.5,2.55
31/10/2016,2.57,2.95,3.15,3.5,2.54
1/11/2016,2.56,2.95,3.15,3.46,2.53
2/11/2016,2.56,2.94,3.18,3.46,2.53
3/11/2016,2.57,2.96,3.19,3.48,2.56
4/11/2016,2.55,2.93,3.16,3.45,2.54
7/11/2016,2.58,2.97,3.2,3.5,2.57
8/11/2016,2.61,3,3.23,3.53,2.6
9/11/2016,2.73,3.16,3.37,3.66,2.76
10/11/2016,2.73,3.17,3.36,3.65,2.77
14/11/2016,2.83,3.25,3.46,3.77,2.85
15/11/2016,2.84,3.26,3.47,3.8,2.86
16/11/2016,2.82,3.24,3.43,3.79,2.83
17/11/2016,2.86,3.29,3.47,3.86,2.88
18/11/2016,2.9,3.33,3.53,3.89,2.92
21/11/2016,2.92,3.35,3.54,3.91,2.93
22/11/2016,2.91,3.34,3.53,3.89,2.92
23/11/2016,2.95,3.37,3.56,3.9,2.96
25/11/2016,2.96,3.38,3.58,3.91,2.97
28/11/2016,2.92,3.34,3.54,3.86,2.92
29/11/2016,2.9,3.31,3.52,3.83,2.9
30/11/2016,2.94,3.35,3.53,3.87,2.95
1/12/2016,3,3.43,3.56,3.93,3.03
2/12/2016,2.95,3.38,3.51,3.9,2.98
5/12/2016,2.96,3.38,3.5,3.89,2.98
6/12/2016,2.96,3.39,3.5,3.89,2.99
7/12/2016,2.92,3.34,3.45,3.85,2.94
8/12/2016,2.94,3.37,3.48,3.88,2.97
9/12/2016,2.98,3.43,3.52,3.92,3.03
12/12/2016,2.98,3.44,3.5,3.92,3.02
13/12/2016,2.99,3.44,3.48,3.92,3.03
14/12/2016,3.04,3.48,3.52,3.95,3.08
15/12/2016,3.08,3.52,3.55,3.98,3.11
16/12/2016,3.09,3.53,3.56,4.01,3.12
19/12/2016,3.05,3.48,3.51,3.95,3.07
20/12/2016,3.07,3.51,3.53,4,3.1
21/12/2016,3.05,3.48,3.5,3.99,3.08
22/12/2016,3.05,3.48,3.5,3.97,3.07
23/12/2016,3.05,3.47,3.49,3.96,3.06
27/12/2016,3.07,3.5,3.51,3.99,3.11
28/12/2016,3.02,3.44,3.46,3.93,3.05
29/12/2016,2.98,3.41,3.42,3.9,2.99
30/12/2016,2.96,3.38,3.4,3.86,2.97
3/1/2017,2.99,3.4,3.41,3.85,3.01
4/1/2017,2.98,3.39,3.4,3.82,3
5/1/2017,2.92,3.32,3.31,3.75,2.92
6/1/2017,2.97,3.37,3.36,3.8,2.97
9/1/2017,2.94,3.34,3.32,3.77,2.93
10/1/2017,2.94,3.34,3.32,3.81,2.94
11/1/2017,2.93,3.34,3.3,3.8,2.93
12/1/2017,2.93,3.34,3.3,3.78,2.92
13/01/2017,2.94,3.35,3.31,3.8,2.93
17/01/2017,2.9,3.3,3.28,3.75,2.89
18/01/2017,2.96,3.36,3.32,3.81,2.93
19/01/2017,3,3.41,3.38,3.86,2.98
20/01/2017,2.99,3.4,3.37,3.86,2.98
23/01/2017,2.93,3.34,3.33,3.81,2.91
24/01/2017,2.98,3.4,3.39,3.88,2.97
25/01/2017,3.01,3.44,3.41,3.86,3.01
26/01/2017,2.98,3.42,3.34,3.87,2.99
27/01/2017,2.96,3.4,3.32,3.85,2.96
30/01/2017,2.96,3.41,3.34,3.89,2.97
31/01/2017,2.94,3.39,3.32,3.89,2.95
1/2/2017,2.98,3.42,3.35,3.93,2.97
2/2/2017,2.97,3.41,3.34,3.93,2.97
3/2/2017,2.98,3.43,3.36,3.96,2.98
6/2/2017,2.91,3.35,3.29,3.87,2.91
7/2/2017,2.9,3.35,3.28,3.86,2.9
8/2/2017,2.88,3.31,3.26,3.85,2.87
9/2/2017,2.92,3.36,3.3,3.9,2.92
10/2/2017,2.92,3.37,3.32,3.94,2.93
13/02/2017,2.93,3.38,3.33,3.95,2.94
14/02/2017,2.96,3.41,3.35,3.96,2.98
15/02/2017,2.97,3.43,3.38,3.97,2.99
16/02/2017,2.92,3.38,3.33,3.91,2.95
17/02/2017,2.91,3.36,3.31,3.89,2.93
21/02/2017,2.91,3.36,3.32,3.89,2.93
22/02/2017,2.9,3.35,3.31,3.88,2.92
23/02/2017,2.87,3.31,3.28,3.85,2.89
24/02/2017,2.81,3.25,3.23,3.78,2.83
27/02/2017,2.85,3.29,3.27,3.81,2.88
28/02/2017,2.85,3.29,3.27,3.8,2.87
1/3/2017,2.95,3.39,3.37,3.97,2.98
2/3/2017,2.97,3.4,3.39,3.96,3
3/3/2017,2.96,3.39,3.38,3.97,2.99
6/3/2017,2.97,3.39,3.39,3.99,3
7/3/2017,3,3.41,3.42,4.05,3.02
8/3/2017,3.03,3.46,3.46,4.1,3.05
9/3/2017,3.08,3.51,3.53,4.16,3.09
10/3/2017,3.07,3.49,3.53,4.13,3.08
13/03/2017,3.1,3.52,3.55,4.19,3.11
14/03/2017,3.1,3.51,3.55,4.17,3.1
15/03/2017,3.02,3.43,3.48,4.07,3.03
16/03/2017,3.03,3.45,3.48,4.06,3.05
17/03/2017,3.02,3.43,3.47,4.03,3.03
20/03/2017,2.99,3.41,3.44,4,3.01
21/03/2017,2.97,3.38,3.42,3.96,2.98
22/03/2017,2.95,3.35,3.41,3.94,2.96
23/03/2017,2.96,3.37,3.43,3.97,2.97
24/03/2017,2.95,3.35,3.41,3.96,2.96
27/03/2017,2.94,3.34,3.41,3.96,2.94
28/03/2017,2.97,3.38,3.43,3.94,2.98
29/03/2017,2.95,3.35,3.39,3.95,2.96
30/03/2017,2.96,3.37,3.39,3.98,2.98
31/03/2017,2.93,3.35,3.36,3.97,2.96
3/4/2017,2.91,3.33,3.32,3.94,2.93
4/4/2017,2.92,3.33,3.32,3.95,2.94
5/4/2017,2.91,3.33,3.33,3.94,2.94
6/4/2017,2.91,3.32,3.31,3.83,2.93
7/4/2017,2.94,3.35,3.34,3.84,2.96
10/4/2017,2.93,3.35,3.34,3.82,2.95
11/4/2017,2.88,3.28,3.27,3.7,2.89
12/4/2017,2.88,3.29,3.27,3.71,2.89
13/04/2017,2.83,3.23,3.23,3.64,2.85
17/04/2017,2.85,3.26,3.26,3.89,2.86
18/04/2017,2.81,3.2,3.19,3.82,2.81
19/04/2017,2.82,3.22,3.22,3.84,2.83
20/04/2017,2.86,3.26,3.23,3.89,2.86
21/04/2017,2.85,3.25,3.22,3.88,2.85
24/04/2017,2.88,3.28,3.26,3.91,2.88
25/04/2017,2.91,3.32,3.29,3.95,2.93
26/04/2017,2.9,3.3,3.25,3.92,2.91
27/04/2017,2.88,3.29,3.24,3.91,2.9
28/04/2017,2.87,3.28,3.22,3.9,2.89
1/5/2017,2.92,3.33,3.3,3.95,2.94
2/5/2017,2.9,3.3,3.26,3.91,2.91
3/5/2017,2.92,3.31,3.27,3.92,2.91
4/5/2017,2.94,3.35,3.31,3.96,2.94
5/5/2017,2.94,3.34,3.32,3.96,2.94
8/5/2017,2.93,3.36,3.34,3.97,2.95
9/5/2017,2.96,3.38,3.36,3.97,2.97
10/5/2017,2.95,3.37,3.35,3.97,2.96
11/5/2017,2.93,3.36,3.32,3.94,2.95
12/5/2017,2.89,3.31,3.26,3.88,2.9
15/05/2017,2.88,3.32,3.26,3.9,2.91
16/05/2017,2.87,3.3,3.24,3.87,2.9
17/05/2017,2.81,3.21,3.15,3.8,2.81
18/05/2017,2.83,3.23,3.18,3.83,2.84
19/05/2017,2.83,3.24,3.2,3.83,2.85
22/05/2017,2.84,3.25,3.19,3.84,2.85
23/05/2017,2.86,3.27,3.22,3.86,2.87
24/05/2017,2.85,3.25,3.2,3.85,2.86
25/05/2017,2.84,3.25,3.19,3.84,2.85
26/05/2017,2.85,3.25,3.2,3.84,2.85
30/05/2017,2.82,3.22,3.18,3.8,2.83
31/05/2017,2.81,3.21,3.17,3.8,2.82
1/6/2017,2.84,3.23,3.2,3.82,2.85
2/6/2017,2.82,3.19,3.16,3.78,2.81
5/6/2017,2.82,3.2,3.18,3.8,2.83
6/6/2017,2.8,3.18,3.15,3.75,2.8
7/6/2017,2.82,3.2,3.19,3.77,2.83
8/6/2017,2.83,3.21,3.2,3.8,2.84
9/6/2017,2.84,3.21,3.2,3.79,2.84
12/6/2017,2.85,3.22,3.22,3.81,2.86
13/06/2017,2.85,3.22,3.21,3.8,2.86
14/06/2017,2.82,3.16,3.15,3.72,2.8
15/06/2017,2.82,3.19,3.18,3.76,2.83
16/06/2017,2.81,3.18,3.18,3.75,2.82
19/06/2017,2.83,3.2,3.2,3.77,2.84
20/06/2017,2.8,3.16,3.19,3.74,2.81
21/06/2017,2.81,3.16,3.2,3.73,2.81
22/06/2017,2.8,3.16,3.22,3.75,2.8
23/06/2017,2.79,3.15,3.22,3.74,2.79
26/06/2017,2.78,3.14,3.2,3.73,2.79
27/06/2017,2.82,3.19,3.23,3.78,2.83
28/06/2017,2.81,3.19,3.24,3.79,2.83
29/06/2017,2.84,3.21,3.25,3.79,2.86
30/06/2017,2.85,3.24,3.28,3.82,2.88
3/7/2017,2.89,3.27,3.34,3.85,2.92
5/7/2017,2.88,3.26,3.33,3.82,2.92
6/7/2017,2.88,3.27,3.34,3.86,2.93
7/7/2017,2.88,3.27,3.36,3.87,2.93
10/7/2017,2.86,3.26,3.36,3.85,2.92
11/7/2017,2.86,3.26,3.35,3.86,2.91
12/7/2017,2.82,3.22,3.29,3.83,2.88
13/07/2017,2.83,3.22,3.3,3.84,2.88
14/07/2017,2.82,3.2,3.29,3.82,2.87
17/07/2017,2.81,3.19,3.28,3.82,2.86
18/07/2017,2.78,3.15,3.24,3.79,2.83
19/07/2017,2.78,3.15,3.24,3.81,2.83
20/07/2017,2.78,3.15,3.23,3.79,2.83
21/07/2017,2.76,3.12,3.21,3.77,2.8
24/07/2017,2.77,3.13,3.23,3.78,2.81
25/07/2017,2.82,3.19,3.28,3.83,2.87
26/07/2017,2.76,3.15,3.23,3.78,2.83
27/07/2017,2.78,3.16,3.24,3.81,2.85
28/07/2017,2.77,3.16,3.22,3.78,2.84
31/07/2017,2.76,3.16,3.22,3.8,2.84
1/8/2017,2.76,3.14,3.22,3.75,2.81
2/8/2017,2.76,3.16,3.24,3.77,2.82
3/8/2017,2.74,3.14,3.2,3.77,2.8
4/8/2017,2.76,3.16,3.21,3.8,2.8
7/8/2017,2.76,3.18,3.25,3.81,2.83
8/8/2017,2.79,3.2,3.26,3.84,2.85
9/8/2017,2.8,3.18,3.25,3.82,2.83
10/8/2017,2.79,3.18,3.24,3.81,2.83
11/8/2017,2.77,3.19,3.26,3.83,2.83
14/08/2017,2.79,3.21,3.28,3.83,2.84
15/08/2017,2.81,3.21,3.27,3.84,2.85
16/08/2017,2.76,3.18,3.24,3.79,2.82
17/08/2017,2.75,3.16,3.26,3.78,2.8
18/08/2017,2.76,3.17,3.27,3.79,2.81
21/08/2017,2.75,3.16,3.27,3.78,2.79
22/08/2017,2.77,3.2,3.31,3.8,2.82
23/08/2017,2.74,3.18,3.24,3.78,2.8
24/08/2017,2.76,3.18,3.25,3.8,2.81
25/08/2017,2.75,3.18,3.24,3.78,2.8
28/08/2017,2.74,3.17,3.23,3.77,2.8
29/08/2017,2.73,3.17,3.22,3.77,2.8
30/08/2017,2.73,3.16,3.22,3.77,2.79
31/08/2017,2.72,3.15,3.21,3.74,2.78
1/9/2017,2.76,3.19,3.26,3.87,2.82
5/9/2017,2.7,3.14,3.22,3.82,2.78
6/9/2017,2.73,3.16,3.22,3.85,2.78
7/9/2017,2.7,3.12,3.18,3.82,2.74
8/9/2017,2.71,3.13,3.19,3.85,2.75
11/9/2017,2.75,3.18,3.23,3.88,2.79
12/9/2017,2.78,3.21,3.26,3.9,2.83
13/09/2017,2.79,3.22,3.27,3.89,2.84
14/09/2017,2.79,3.22,3.25,3.87,2.84
15/09/2017,2.79,3.22,3.27,3.85,2.85
18/09/2017,2.81,3.23,3.27,3.85,2.86
19/09/2017,2.81,3.22,3.27,3.83,2.86
20/09/2017,2.84,3.25,3.28,3.85,2.89
21/09/2017,2.83,3.24,3.27,3.86,2.88
22/09/2017,2.82,3.24,3.27,3.86,2.87
25/09/2017,2.79,3.2,3.22,3.82,2.83
26/09/2017,2.8,3.2,3.24,3.83,2.84
27/09/2017,2.84,3.25,3.29,3.87,2.89
28/09/2017,2.81,3.22,3.26,3.83,2.88
29/09/2017,2.82,3.23,3.27,3.82,2.89
2/10/2017,2.83,3.24,3.28,3.82,2.89
3/10/2017,2.81,3.21,3.25,3.79,2.89
4/10/2017,2.81,3.22,3.26,3.81,2.89
5/10/2017,2.82,3.23,3.27,3.83,2.9
6/10/2017,2.83,3.23,3.27,3.84,2.91
10/10/2017,2.8,3.22,3.26,3.82,2.9
11/10/2017,2.81,3.22,3.25,3.85,2.9
12/10/2017,2.79,3.21,3.24,3.85,2.89
13/10/2017,2.76,3.18,3.21,3.81,2.86
16/10/2017,2.8,3.2,3.22,3.82,2.89
17/10/2017,2.79,3.2,3.22,3.83,2.88
18/10/2017,2.82,3.22,3.24,3.86,2.91
19/10/2017,2.81,3.21,3.23,3.84,2.89
20/10/2017,2.84,3.23,3.26,3.85,2.92
23/10/2017,2.83,3.23,3.25,3.84,2.92
24/10/2017,2.85,3.24,3.25,3.86,2.94
25/10/2017,2.87,3.27,3.28,3.91,2.96
26/10/2017,2.88,3.27,3.29,3.9,2.96
27/10/2017,2.86,3.26,3.27,3.88,2.96
30/10/2017,2.82,3.22,3.22,3.84,2.91
31/10/2017,2.83,3.23,3.21,3.87,2.91
1/11/2017,2.84,3.26,3.25,3.87,2.94
2/11/2017,2.83,3.25,3.23,3.86,2.92
3/11/2017,2.84,3.25,3.23,3.86,2.92
6/11/2017,2.83,3.25,3.21,3.85,2.9
7/11/2017,2.83,3.26,3.21,3.9,2.91
8/11/2017,2.86,3.28,3.24,3.9,2.92
9/11/2017,2.87,3.29,3.27,3.92,2.94
10/11/2017,2.92,3.36,3.32,3.98,2.99
13/11/2017,2.9,3.36,3.32,3.98,3
14/11/2017,2.91,3.35,3.31,3.97,3
15/11/2017,2.9,3.34,3.3,3.97,2.98
16/11/2017,2.92,3.35,3.33,3.97,3
17/11/2017,2.91,3.35,3.32,3.96,3
20/11/2017,2.93,3.36,3.34,3.96,3
21/11/2017,2.92,3.35,3.34,3.94,3
22/11/2017,2.88,3.31,3.3,3.9,2.97
24/11/2017,2.94,3.31,3.31,3.91,2.98
27/11/2017,2.92,3.31,3.31,3.9,2.98
28/11/2017,2.93,3.31,3.31,3.92,2.98
29/11/2017,2.95,3.33,3.34,3.87,2.97
30/11/2017,2.95,3.36,3.36,3.88,3.01
1/12/2017,2.92,3.34,3.37,3.92,3.04
4/12/2017,2.93,3.34,3.38,3.95,3.04
5/12/2017,2.92,3.32,3.36,3.93,3.03
6/12/2017,2.91,3.31,3.34,3.93,3.02
7/12/2017,2.94,3.34,3.38,3.97,3.05
8/12/2017,2.93,3.33,3.38,3.96,3.04
11/12/2017,2.93,3.33,3.38,3.97,3.05
12/12/2017,2.94,3.34,3.4,3.97,3.06
13/12/2017,2.9,3.3,3.34,3.92,3.02
14/12/2017,2.9,3.29,3.33,3.92,3.01
15/12/2017,2.92,3.29,3.34,3.91,3.02
18/12/2017,2.94,3.31,3.37,3.95,3.04
19/12/2017,2.98,3.36,3.4,4,3.07
20/12/2017,3.01,3.39,3.43,4.01,3.11
21/12/2017,3,3.37,3.4,3.98,3.09
22/12/2017,3.01,3.38,3.42,3.99,3.1
26/12/2017,3,3.36,3.39,3.96,3.08
27/12/2017,2.97,3.32,3.37,3.91,3.05
28/12/2017,2.98,3.33,3.36,3.93,3.06
29/12/2017,2.96,3.31,3.34,3.91,3.04
2/1/2018,3.02,3.35,3.41,4.01,3.09
3/1/2018,3.01,3.33,3.38,3.99,3.07
4/1/2018,3.03,3.35,3.39,4.01,3.09
5/1/2018,3.04,3.36,3.41,4,3.1
8/1/2018,3.04,3.36,3.4,3.98,3.11
9/1/2018,3.07,3.39,3.43,4,3.14
10/1/2018,3.07,3.39,3.43,3.97,3.13
11/1/2018,3.05,3.36,3.4,3.95,3.11
12/1/2018,3.07,3.37,3.4,3.96,3.13
16/01/2018,3.06,3.37,3.4,3.96,3.13
17/01/2018,3.1,3.41,3.44,4.02,3.17
18/01/2018,3.12,3.42,3.46,4.05,3.2
19/01/2018,3.14,3.45,3.48,4.06,3.21
22/01/2018,3.16,3.48,3.5,4.1,3.25
23/01/2018,3.13,3.45,3.47,4.08,3.22
24/01/2018,3.15,3.47,3.48,4.08,3.24
25/01/2018,3.12,3.44,3.43,4.01,3.2
26/01/2018,3.16,3.46,3.47,4.04,3.23
29/01/2018,3.17,3.48,3.49,4.04,3.26
30/01/2018,3.18,3.5,3.51,4.07,3.28
31/01/2018,3.18,3.49,3.5,4.04,3.27
1/2/2018,3.22,3.53,3.54,4.08,3.32
2/2/2018,3.26,3.58,3.61,4.13,3.36
5/2/2018,3.21,3.54,3.56,4.1,3.32
6/2/2018,3.22,3.55,3.58,4.13,3.33
7/2/2018,3.27,3.6,3.63,4.14,3.38
8/2/2018,3.29,3.62,3.64,4.15,3.38
9/2/2018,3.3,3.62,3.66,4.19,3.39
12/2/2018,3.34,3.65,3.69,4.22,3.4
13/02/2018,3.37,3.68,3.72,4.26,3.42
14/02/2018,3.43,3.73,3.77,4.29,3.47
15/02/2018,3.41,3.71,3.75,4.22,3.47
16/02/2018,3.4,3.71,3.74,4.22,3.47
20/02/2018,3.42,3.72,3.76,4.24,3.49
21/02/2018,3.45,3.76,3.8,4.3,3.52
22/02/2018,3.43,3.75,3.78,4.25,3.5
23/02/2018,3.41,3.72,3.76,4.24,3.49
26/02/2018,3.4,3.71,3.75,4.23,3.48
27/02/2018,3.45,3.75,3.78,4.27,3.51
28/02/2018,3.45,3.75,3.78,4.25,3.51
1/3/2018,3.43,3.73,3.83,4.25,3.5
2/3/2018,3.47,3.77,3.87,4.3,3.54
5/3/2018,3.49,3.8,3.89,4.3,3.56
6/3/2018,3.5,3.79,3.87,4.26,3.56
7/3/2018,3.51,3.8,3.89,4.28,3.56
8/3/2018,3.5,3.8,3.89,4.27,3.57
9/3/2018,3.53,3.82,3.91,4.27,3.58
12/3/2018,3.54,3.83,3.9,4.32,3.58
13/03/2018,3.54,3.82,3.9,4.32,3.58
14/03/2018,3.53,3.82,3.89,4.3,3.57
15/03/2018,3.56,3.83,3.91,4.33,3.58
16/03/2018,3.57,3.84,3.92,4.33,3.59
19/03/2018,3.58,3.84,3.92,4.32,3.6
20/03/2018,3.61,3.86,3.95,4.35,3.63
21/03/2018,3.63,3.89,3.96,4.36,3.65
22/03/2018,3.6,3.88,3.95,4.34,3.64
23/03/2018,3.6,3.86,3.94,4.33,3.63
26/03/2018,3.62,3.88,3.96,4.32,3.64
27/03/2018,3.58,3.83,3.98,4.27,3.61
28/03/2018,3.58,3.83,3.97,4.28,3.61
29/03/2018,3.55,3.8,3.94,4.21,3.57
2/4/2018,3.55,3.79,3.88,4.21,3.56
3/4/2018,3.59,3.83,3.92,4.25,3.61
4/4/2018,3.59,3.84,3.93,4.18,3.63
5/4/2018,3.6,3.84,3.93,4.15,3.63
6/4/2018,3.54,3.8,3.89,4.1,3.6
9/4/2018,3.54,3.79,3.89,4.08,3.59
10/4/2018,3.55,3.79,3.88,4.07,3.59
11/4/2018,3.54,3.79,3.87,4.09,3.59
12/4/2018,3.57,3.8,3.89,4.07,3.61
13/04/2018,3.58,3.82,3.89,4.06,3.62
16/04/2018,3.58,3.82,3.89,4.04,3.62
17/04/2018,3.57,3.8,3.88,4.24,3.61
18/04/2018,3.61,3.85,3.91,4.29,3.66
19/04/2018,3.65,3.88,3.95,4.33,3.69
20/04/2018,3.67,3.93,4,4.36,3.72
23/04/2018,3.69,3.94,4.01,4.38,3.73
24/04/2018,3.7,3.95,4.02,4.39,3.75
25/04/2018,3.73,3.99,4.06,4.43,3.78
26/04/2018,3.71,3.97,4.05,4.42,3.77
27/04/2018,3.69,3.95,4.01,4.41,3.74
30/04/2018,3.69,3.93,4.01,4.22,3.73
1/5/2018,3.73,3.98,4.05,4.45,3.8
2/5/2018,3.73,3.99,4.05,4.46,3.8
3/5/2018,3.73,3.98,4.05,4.46,3.79
4/5/2018,3.72,3.97,4.05,4.47,3.79
7/5/2018,3.73,3.98,4.05,4.48,3.79
8/5/2018,3.74,4,4.07,4.5,3.81
9/5/2018,3.77,4.04,4.09,4.5,3.83
10/5/2018,3.75,4.02,4.07,4.47,3.82
11/5/2018,3.74,4,4.06,4.45,3.8
14/05/2018,3.75,4.01,4.07,4.45,3.8
15/05/2018,3.8,4.07,4.13,4.52,3.86
16/05/2018,3.82,4.09,4.14,4.55,3.88
17/05/2018,3.82,4.1,4.14,4.56,3.89
18/05/2018,3.79,4.07,4.11,4.54,3.86
21/05/2018,3.8,4.07,4.1,4.54,3.85
22/05/2018,3.8,4.07,4.1,4.55,3.86
23/05/2018,3.75,4.03,4.05,4.5,3.82
24/05/2018,3.73,4.01,4.04,4.48,3.8
25/05/2018,3.7,3.98,4,4.45,3.77
29/05/2018,3.58,3.87,3.89,4.35,3.65
30/05/2018,3.67,3.93,3.96,4.43,3.71
31/05/2018,3.66,3.92,3.95,4.41,3.7
1/6/2018,3.71,3.98,4.04,4.47,3.75
4/6/2018,3.74,4.02,4.07,4.5,3.78
5/6/2018,3.73,4.02,4.08,4.49,3.78
6/6/2018,3.77,4.07,4.12,4.56,3.82
7/6/2018,3.74,4.04,4.09,4.51,3.8
8/6/2018,3.75,4.04,4.1,4.55,3.8
11/6/2018,3.77,4.06,4.12,4.55,3.81
12/6/2018,3.77,4.06,4.11,4.54,3.81
13/06/2018,3.8,4.09,4.14,4.56,3.84
14/06/2018,3.78,4.07,4.11,4.53,3.82
15/06/2018,3.77,4.06,4.11,4.53,3.81
18/06/2018,3.77,4.07,4.12,4.56,3.81
19/06/2018,3.76,4.07,4.11,4.58,3.8
20/06/2018,3.8,4.09,4.16,4.61,3.83
21/06/2018,3.79,4.1,4.17,4.64,3.83
22/06/2018,3.8,4.11,4.18,4.64,3.84
25/06/2018,3.79,4.1,4.16,4.63,3.83
26/06/2018,3.8,4.1,4.16,4.62,3.81
27/06/2018,3.76,4.07,4.12,4.59,3.78
28/06/2018,3.78,4.09,4.13,4.62,3.78
29/06/2018,3.78,4.09,4.13,4.62,3.79
2/7/2018,3.81,4.08,4.15,4.62,3.82
3/7/2018,3.78,4.06,4.14,4.59,3.8
5/7/2018,3.79,4.05,4.12,4.57,3.8
6/7/2018,3.77,4.04,4.11,4.56,3.79
9/7/2018,3.78,4.03,4.1,4.53,3.79
10/7/2018,3.79,4.05,4.11,4.53,3.8
11/7/2018,3.76,4.02,4.09,4.51,3.78
12/7/2018,3.77,4.02,4.09,4.49,3.78
13/07/2018,3.75,4,4.07,4.47,3.75
16/07/2018,3.77,4.01,4.08,4.5,3.77
17/07/2018,3.78,4.01,4.09,4.5,3.78
18/07/2018,3.78,4.03,4.11,4.52,3.79
19/07/2018,3.76,4.01,4.06,4.51,3.77
20/07/2018,3.77,4.02,4.09,4.54,3.79
23/07/2018,3.82,4.07,4.13,4.57,3.83
24/07/2018,3.79,4.05,4.12,4.53,3.82
25/07/2018,3.79,4.04,4.09,4.51,3.82
26/07/2018,3.81,4.06,4.12,4.51,3.84
27/07/2018,3.79,4.04,4.11,4.47,3.82
30/07/2018,3.79,4.05,4.1,4.48,3.82
31/07/2018,3.77,4.02,4.07,4.46,3.8
1/8/2018,3.8,4.04,4.1,4.51,3.82
2/8/2018,3.78,4.04,4.09,4.51,3.81
3/8/2018,3.74,4,4.05,4.46,3.78
6/8/2018,3.73,3.99,4.04,4.44,3.78
7/8/2018,3.76,4.01,4.06,4.46,3.79
8/8/2018,3.75,4.02,4.07,4.48,3.8
9/8/2018,3.73,4.01,4.05,4.48,3.78
10/8/2018,3.69,3.96,4,4.45,3.75
13/08/2018,3.71,3.98,4.04,4.48,3.77
14/08/2018,3.73,4,4.05,4.46,3.77
15/08/2018,3.69,3.97,4.03,4.42,3.75
16/08/2018,3.7,3.97,4.03,4.4,3.75
17/08/2018,3.7,3.97,4.03,4.41,3.75
20/08/2018,3.67,3.94,3.99,4.37,3.71
21/08/2018,3.68,3.95,3.99,4.39,3.73
22/08/2018,3.67,3.94,4,4.39,3.72
23/08/2018,3.68,3.95,4,4.4,3.72
24/08/2018,3.69,3.96,4.01,4.4,3.73
27/08/2018,3.7,3.97,4.01,4.42,3.74
28/08/2018,3.73,3.99,4.05,4.45,3.76
29/08/2018,3.71,4,4.05,4.45,3.76
30/08/2018,3.71,4,4.04,4.46,3.76
31/08/2018,3.7,4.01,4.03,4.47,3.76
4/9/2018,3.75,4.07,4.07,4.51,3.8
5/9/2018,3.75,4.07,4.09,4.51,3.81
6/9/2018,3.73,4.04,4.07,4.46,3.79
7/9/2018,3.79,4.08,4.12,4.5,3.82
10/9/2018,3.78,4.09,4.11,4.5,3.83
11/9/2018,3.82,4.12,4.14,4.51,3.86
12/9/2018,3.8,4.1,4.13,4.49,3.85
13/09/2018,3.8,4.08,4.12,4.48,3.84
14/09/2018,3.8,4.1,4.13,4.49,3.86
17/09/2018,3.8,4.11,4.13,4.5,3.87
18/09/2018,3.83,4.12,4.16,4.53,3.89
19/09/2018,3.85,4.15,4.19,4.55,3.92
20/09/2018,3.84,4.14,4.17,4.52,3.91
21/09/2018,3.82,4.12,4.16,4.51,3.9
24/09/2018,3.83,4.13,4.16,4.52,3.9
25/09/2018,3.86,4.16,4.2,4.54,3.92
26/09/2018,3.83,4.12,4.15,4.5,3.9
27/09/2018,3.82,4.11,4.14,4.48,3.89
28/09/2018,3.82,4.11,4.14,4.48,3.89
1/10/2018,3.84,4.12,4.14,4.33,3.9
2/10/2018,3.82,4.1,4.13,4.32,3.9
3/10/2018,3.89,4.17,4.2,4.39,3.97
4/10/2018,3.93,4.2,4.24,4.42,4
5/10/2018,3.95,4.22,4.26,4.44,4.03
9/10/2018,3.95,4.22,4.25,4.44,4.02
10/10/2018,3.95,4.25,4.27,4.48,4.04
11/10/2018,3.9,4.21,4.21,4.41,3.97
12/10/2018,3.92,4.22,4.22,4.43,3.99
15/10/2018,3.92,4.25,4.25,4.44,4
16/10/2018,3.93,4.26,4.24,4.45,4
17/10/2018,3.95,4.3,4.26,4.47,4.04
18/10/2018,3.96,4.31,4.26,4.47,4.03
19/10/2018,3.97,4.33,4.29,4.5,4.05
22/10/2018,3.98,4.36,4.3,4.51,4.07
23/10/2018,3.98,4.38,4.31,4.52,4.07
24/10/2018,3.95,4.36,4.27,4.48,4.04
25/10/2018,3.94,4.35,4.29,4.49,4.03
26/10/2018,3.9,4.34,4.26,4.47,4.02
29/10/2018,3.9,4.31,4.27,4.46,4
30/10/2018,3.95,4.35,4.32,4.5,4.05
31/10/2018,3.98,4.36,4.36,4.53,4.1
1/11/2018,3.99,4.36,4.36,4.51,4.14
2/11/2018,4.04,4.39,4.42,4.54,4.18
5/11/2018,4.03,4.39,4.4,4.53,4.17
6/11/2018,4.02,4.38,4.4,4.5,4.15
7/11/2018,4.03,4.38,4.38,4.48,4.18
8/11/2018,4.03,4.38,4.41,4.5,4.19
9/11/2018,4.02,4.38,4.37,4.48,4.2
13/11/2018,3.99,4.37,4.39,4.47,4.22
14/11/2018,3.99,4.37,4.4,4.5,4.23
15/11/2018,4.01,4.4,4.46,4.54,4.28
16/11/2018,3.98,4.39,4.43,4.5,4.27
19/11/2018,3.98,4.38,4.44,4.49,4.27
20/11/2018,4,4.41,4.49,4.52,4.29
21/11/2018,4.02,4.42,4.5,4.51,4.23
23/11/2018,4.04,4.43,4.51,4.52,4.25
26/11/2018,4.04,4.43,4.52,4.51,4.24
27/11/2018,4.05,4.44,4.54,4.55,4.25
28/11/2018,4.07,4.45,4.55,4.54,4.24
29/11/2018,4.09,4.46,4.59,4.55,4.25
30/11/2018,4.2,4.48,4.61,4.55,4.26
3/12/2018,4.08,4.45,4.52,4.51,4.23
4/12/2018,4.08,4.43,4.48,4.49,4.23
6/12/2018,4.07,4.44,4.5,4.5,4.22
7/12/2018,4.04,4.41,4.45,4.46,4.17
10/12/2018,4.05,4.45,4.47,4.47,4.19
11/12/2018,4.06,4.46,4.48,4.47,4.21
12/12/2018,4.06,4.46,4.48,4.45,4.2
13/12/2018,4.05,4.45,4.45,4.45,4.17
14/12/2018,4.03,4.44,4.42,4.43,4.15
17/12/2018,4.02,4.42,4.39,4.4,4.12
18/12/2018,3.98,4.39,4.37,4.37,4.08
19/12/2018,3.96,4.37,4.34,4.34,4.05
20/12/2018,3.97,4.41,4.4,4.4,4.09
21/12/2018,3.98,4.44,4.43,4.41,4.1
24/12/2018,3.95,4.4,4.39,4.37,4.07
26/12/2018,3.98,4.47,4.45,4.45,4.12
27/12/2018,3.99,4.43,4.41,4.43,4.1
28/12/2018,3.97,4.44,4.42,4.42,4.1
31/12/2018,3.93,4.42,4.37,4.38,4.06
2/1/2019,3.94,4.4,4.38,4.36,4.04
3/1/2019,3.85,4.3,4.28,4.28,3.96
4/1/2019,3.95,4.41,4.37,4.35,4.03
7/1/2019,3.97,4.42,4.38,4.34,4.04
8/1/2019,3.98,4.44,4.37,4.34,4.05
9/1/2019,3.96,4.42,4.32,4.32,4.05
10/1/2019,3.97,4.4,4.32,4.33,4.05
11/1/2019,3.94,4.37,4.29,4.31,4.03
14/01/2019,3.92,4.37,4.29,4.32,4.04
15/01/2019,3.92,4.37,4.29,4.31,4.03
16/01/2019,3.91,4.38,4.28,4.31,4.04
17/01/2019,3.9,4.4,4.28,4.3,4.05
18/01/2019,3.9,4.41,4.28,4.28,4.05
22/01/2019,3.85,4.36,4.22,4.24,4.01
23/01/2019,3.84,4.36,4.21,4.23,4
24/01/2019,3.79,4.32,4.19,4.21,3.96
25/01/2019,3.8,4.34,4.19,4.23,3.97
28/01/2019,3.78,4.33,4.19,4.23,3.96
29/01/2019,3.74,4.3,4.15,4.2,3.93
30/01/2019,3.7,4.25,4.11,4.18,3.9
31/01/2019,3.63,4.17,4.05,4.1,3.81
1/2/2019,3.65,4.2,4.06,4.13,3.83
4/2/2019,3.67,4.21,4.08,4.14,3.84
5/2/2019,3.65,4.15,4.02,4.11,3.82
6/2/2019,3.64,4.11,4.04,4.11,3.81
7/2/2019,3.6,4.1,4.02,4.1,3.79
8/2/2019,3.61,4.09,4.02,4.08,3.78
11/2/2019,3.61,4.1,4.03,4.08,3.8
12/2/2019,3.62,4.11,4.05,4.1,3.81
13/02/2019,3.64,4.12,4.05,4.12,3.83
14/02/2019,3.61,4.09,4.04,4.1,3.81
15/02/2019,3.61,4.09,4.02,4.09,3.8
19/02/2019,3.6,4.07,4.01,4.07,3.78
20/02/2019,3.6,4.07,4.01,4.09,3.79
21/02/2019,3.62,4.09,4.04,4.12,3.82
22/02/2019,3.59,4.08,4.01,4.08,3.8
25/02/2019,3.6,4.08,4,4.07,3.77
26/02/2019,3.58,4.06,3.99,4.06,3.75
27/02/2019,3.6,4.09,4.01,4.12,3.79
28/02/2019,3.6,4.09,4.01,4.11,3.79
1/3/2019,3.64,4.11,4.08,4.18,3.82
4/3/2019,3.62,4.08,4.04,4.15,3.8
5/3/2019,3.61,4.07,4.03,4.15,3.8
6/3/2019,3.6,4.06,4.02,4.07,3.8
7/3/2019,3.56,4.02,3.98,4.12,3.75
8/3/2019,3.55,4.03,3.99,4.14,3.75
11/3/2019,3.56,4.04,4,4.13,3.77
12/3/2019,3.53,4,3.95,4.09,3.73
13/03/2019,3.53,4.01,3.96,4.11,3.74
14/03/2019,3.54,4.02,3.97,4.15,3.74
15/03/2019,3.51,3.99,3.94,4.13,3.71
18/03/2019,3.52,3.99,3.94,4.07,3.72
19/03/2019,3.53,3.99,3.93,4.07,3.72
20/03/2019,3.49,3.93,3.88,4.02,3.65
21/03/2019,3.47,3.92,3.87,4.12,3.65
22/03/2019,3.41,3.85,3.8,4.23,3.57
25/03/2019,3.37,3.81,3.76,4.2,3.53
26/03/2019,3.35,3.8,3.74,4.09,3.52
27/03/2019,3.32,3.77,3.72,4.07,3.49
28/03/2019,3.32,3.78,3.72,4.09,3.49
29/03/2019,3.35,3.8,3.75,4.11,3.52
1/4/2019,3.41,3.87,3.81,3.92,3.58
2/4/2019,3.4,3.85,3.8,3.89,3.56
3/4/2019,3.42,3.86,3.81,3.91,3.59
4/4/2019,3.42,3.84,3.81,3.9,3.58
5/4/2019,3.41,3.84,3.79,3.88,3.57
8/4/2019,3.41,3.84,3.8,3.89,3.59
9/4/2019,3.4,3.81,3.79,3.86,3.57
10/4/2019,3.37,3.77,3.77,3.84,3.55
11/4/2019,3.39,3.78,3.78,3.84,3.56
12/4/2019,3.41,3.79,3.8,3.84,3.59
15/04/2019,3.4,3.78,3.79,3.83,3.58
16/04/2019,3.43,3.8,3.82,3.84,3.59
17/04/2019,3.43,3.79,3.82,3.82,3.59
18/04/2019,3.4,3.76,3.8,3.82,3.57
22/04/2019,3.43,3.79,3.82,3.86,3.6
23/04/2019,3.41,3.77,3.82,3.83,3.59
24/04/2019,3.38,3.73,3.78,3.79,3.54
25/04/2019,3.38,3.73,3.78,3.8,3.55
26/04/2019,3.36,3.66,3.76,3.78,3.52
29/04/2019,3.37,3.68,3.78,3.81,3.54
30/04/2019,3.35,3.66,3.76,3.76,3.5
1/5/2019,3.36,3.68,3.78,3.79,3.52
2/5/2019,3.4,3.73,3.83,3.85,3.56
3/5/2019,3.39,3.71,3.82,3.82,3.54
6/5/2019,3.37,3.7,3.81,3.81,3.53
7/5/2019,3.34,3.67,3.77,3.77,3.49
8/5/2019,3.37,3.69,3.81,3.8,3.51
9/5/2019,3.35,3.68,3.8,3.81,3.5
10/5/2019,3.35,3.69,3.8,3.8,3.5
13/05/2019,3.32,3.66,3.81,3.79,3.48
14/05/2019,3.33,3.68,3.8,3.79,3.49
15/05/2019,3.29,3.64,3.78,3.76,3.45
16/05/2019,3.32,3.66,3.78,3.77,3.47
17/05/2019,3.31,3.65,3.77,3.77,3.46
20/05/2019,3.34,3.68,3.8,3.8,3.49
21/05/2019,3.35,3.7,3.81,3.82,3.5
22/05/2019,3.33,3.68,3.79,3.8,3.48
23/05/2019,3.26,3.61,3.73,3.75,3.41
24/05/2019,3.29,3.65,3.76,3.78,3.44
28/05/2019,3.25,3.62,3.72,3.74,3.4
29/05/2019,3.25,3.61,3.71,3.74,3.39
30/05/2019,3.23,3.61,3.7,3.71,3.38
31/05/2019,3.15,3.56,3.66,3.65,3.3
3/6/2019,3.1,3.51,3.63,3.6,3.25
4/6/2019,3.13,3.55,3.66,3.63,3.28
5/6/2019,3.1,3.52,3.66,3.63,3.27
6/6/2019,3.11,3.53,3.67,3.62,3.29
7/6/2019,3.08,3.49,3.63,3.57,3.25
10/6/2019,3.11,3.51,3.65,3.59,3.27
11/6/2019,3.11,3.5,3.64,3.58,3.27
12/6/2019,3.1,3.5,3.64,3.58,3.26
13/06/2019,3.06,3.45,3.6,3.55,3.22
14/06/2019,3.07,3.46,3.61,3.57,3.23
17/06/2019,3.06,3.46,3.62,3.55,3.23
18/06/2019,3.03,3.43,3.58,3.51,3.2
19/06/2019,2.97,3.37,3.53,3.45,3.14
20/06/2019,2.92,3.3,3.45,3.38,3.09
21/06/2019,2.95,3.34,3.47,3.42,3.13
24/06/2019,2.89,3.29,3.41,3.37,3.08
25/06/2019,2.88,3.27,3.41,3.38,3.07
26/06/2019,2.93,3.33,3.45,3.42,3.12
27/06/2019,2.89,3.28,3.4,3.38,3.08
28/06/2019,2.88,3.27,3.38,3.36,3.06
1/7/2019,2.9,3.27,3.39,3.35,3.09
2/7/2019,2.86,3.23,3.35,3.32,3.04
3/7/2019,2.84,3.21,3.33,3.3,3.02
5/7/2019,2.92,3.29,3.39,3.39,3.1
8/7/2019,2.92,3.28,3.42,3.39,3.09
9/7/2019,2.95,3.31,3.44,3.43,3.12
10/7/2019,2.93,3.28,3.44,3.42,3.1
11/7/2019,2.96,3.32,3.46,3.46,3.14
12/7/2019,2.95,3.31,3.45,3.44,3.13
15/07/2019,2.95,3.29,3.42,3.43,3.12
16/07/2019,2.97,3.32,3.45,3.47,3.14
17/07/2019,2.93,3.28,3.43,3.41,3.09
18/07/2019,2.9,3.25,3.41,3.38,3.07
19/07/2019,2.9,3.26,3.42,3.38,3.08
22/07/2019,2.9,3.25,3.41,3.37,3.07
23/07/2019,2.91,3.26,3.43,3.38,3.09
24/07/2019,2.89,3.24,3.41,3.35,3.07
25/07/2019,2.9,3.26,3.42,3.36,3.08
26/07/2019,2.91,3.26,3.42,3.36,3.09
29/07/2019,2.88,3.24,3.4,3.34,3.06
30/07/2019,2.89,3.26,3.42,3.36,3.07
31/07/2019,2.89,3.24,3.4,3.34,3.05
1/8/2019,2.77,3.12,3.31,3.23,2.94
2/8/2019,2.77,3.12,3.31,3.24,2.93
5/8/2019,2.69,3.03,3.25,3.18,2.85
6/8/2019,2.7,3.05,3.26,3.17,2.87
7/8/2019,2.67,3.03,3.25,3.14,2.83
8/8/2019,2.69,3.06,3.29,3.16,2.86
9/8/2019,2.7,3.08,3.3,3.18,2.87
12/8/2019,2.64,3.02,3.23,3.1,2.8
13/08/2019,2.7,3.08,3.28,3.13,2.86
14/08/2019,2.64,3.02,3.25,3.07,2.79
15/08/2019,2.59,2.97,3.22,3.04,2.78
16/08/2019,2.58,2.97,3.2,3.03,2.8
19/08/2019,2.62,3.01,3.27,3.07,2.84
20/08/2019,2.59,2.98,3.22,3.03,2.81
21/08/2019,2.6,2.98,3.21,3.02,2.83
22/08/2019,2.61,3.01,3.23,3.04,2.85
23/08/2019,2.55,2.94,3.19,2.95,2.78
26/08/2019,2.57,2.97,3.19,2.99,2.8
27/08/2019,2.53,2.93,3.15,2.95,2.76
28/08/2019,2.52,2.91,3.14,2.95,2.74
29/08/2019,2.55,2.95,3.16,2.98,2.77
30/08/2019,2.54,2.93,3.15,2.96,2.75
3/9/2019,2.51,2.9,3.12,2.95,2.72
4/9/2019,2.49,2.89,3.08,2.94,2.7
5/9/2019,2.58,2.98,3.15,3.03,2.79
6/9/2019,2.57,2.96,3.15,3,2.77
9/9/2019,2.62,3.01,3.2,3.05,2.82
10/9/2019,2.69,3.12,3.27,3.13,2.89
11/9/2019,2.71,3.13,3.3,3.15,2.9
12/9/2019,2.75,3.17,3.33,3.19,2.94
13/09/2019,2.84,3.26,3.42,3.3,3.02
16/09/2019,2.8,3.21,3.33,3.24,2.97
17/09/2019,2.78,3.19,3.31,3.22,2.94
18/09/2019,2.76,3.17,3.3,3.19,2.92
19/09/2019,2.74,3.14,3.26,3.16,2.9
20/09/2019,2.72,3.12,3.24,3.13,2.87
23/09/2019,2.68,3.07,3.2,3.09,2.83
24/09/2019,2.62,3.01,3.14,3.03,2.77
25/09/2019,2.71,3.1,3.24,3.14,2.86
26/09/2019,2.66,3.05,3.19,3.07,2.82
27/09/2019,2.64,3.04,3.19,3.07,2.8
30/09/2019,2.65,3.05,3.2,3.07,2.8
1/10/2019,2.62,2.87,3.21,3.01,2.78
2/10/2019,2.58,2.83,3.19,3.01,2.75
3/10/2019,2.51,2.77,3.13,2.95,2.69
4/10/2019,2.5,2.76,3.11,2.93,2.67
7/10/2019,2.54,2.81,3.17,2.97,2.72
8/10/2019,2.53,2.8,3.17,2.97,2.7
9/10/2019,2.57,2.84,3.21,3.01,2.75
10/10/2019,2.61,2.89,3.27,3.05,2.79
11/10/2019,2.67,2.95,3.31,3.1,2.86
15/10/2019,2.67,2.94,3.3,3.1,2.85
16/10/2019,2.64,2.91,3.28,3.07,2.83
17/10/2019,2.64,2.91,3.27,3.07,2.83
18/10/2019,2.62,2.89,3.27,3.04,2.81
21/10/2019,2.64,2.91,3.3,3.08,2.84
22/10/2019,2.63,2.89,3.27,3.05,2.82
23/10/2019,2.63,2.89,3.27,3.05,2.82
24/10/2019,2.64,2.89,3.26,3.05,2.82
25/10/2019,2.66,2.92,3.28,3.06,2.84
28/10/2019,2.67,2.94,3.31,3.08,2.87
29/10/2019,2.65,2.92,3.29,3.08,2.85
30/10/2019,2.63,2.9,3.28,3.06,2.82
31/10/2019,2.54,2.81,3.2,2.98,2.73
1/11/2019,2.56,2.85,3.24,3,2.76
4/11/2019,2.6,2.89,3.28,3.04,2.8
5/11/2019,2.66,2.95,3.32,3.1,2.85
6/11/2019,2.61,2.9,3.27,3.06,2.79
7/11/2019,2.68,2.97,3.35,3.13,2.86
8/11/2019,2.68,2.97,3.36,3.13,2.87
12/11/2019,2.67,2.94,3.33,3.11,2.84
13/11/2019,2.65,2.92,3.31,3.08,2.82
14/11/2019,2.61,2.88,3.27,3.04,2.78
15/11/2019,2.63,2.9,3.29,3.05,2.8
18/11/2019,2.6,2.88,3.27,3.03,2.77
19/11/2019,2.61,2.87,3.26,3.01,2.76
20/11/2019,2.57,2.84,3.22,2.98,2.73
21/11/2019,2.6,2.88,3.27,3.02,2.76
22/11/2019,2.61,2.88,3.27,3.02,2.77
25/11/2019,2.59,2.86,3.25,2.99,2.75
26/11/2019,2.57,2.84,3.22,2.96,2.72
27/11/2019,2.59,2.86,3.24,2.98,2.75
29/11/2019,2.58,2.86,3.24,2.98,2.75
2/12/2019,2.62,2.91,3.3,3.04,2.79
3/12/2019,2.52,2.79,3.19,2.94,2.68
4/12/2019,2.57,2.85,3.26,2.99,2.74
5/12/2019,2.58,2.86,3.26,2.98,2.74
6/12/2019,2.6,2.89,3.28,3.01,2.77
9/12/2019,2.58,2.87,3.26,2.99,2.75
10/12/2019,2.59,2.87,3.26,2.99,2.76
11/12/2019,2.56,2.84,3.22,2.96,2.72
12/12/2019,2.62,2.9,3.27,3.03,2.79
13/12/2019,2.56,2.83,3.2,2.93,2.72
16/12/2019,2.6,2.87,3.24,2.99,2.77
17/12/2019,2.59,2.86,3.22,2.98,2.77
18/12/2019,2.61,2.88,3.23,3,2.79
19/12/2019,2.58,2.85,3.19,2.97,2.77
20/12/2019,2.6,2.86,3.2,2.98,2.77
23/12/2019,2.61,2.88,3.22,3,2.79
24/12/2019,2.59,2.85,3.19,2.97,2.77
26/12/2019,2.58,2.84,3.18,2.97,2.76
27/12/2019,2.54,2.8,3.14,2.94,2.72
30/12/2019,2.56,2.82,3.15,2.95,2.74
31/12/2019,2.56,2.82,3.16,2.96,2.75
2/1/2020,2.54,2.81,3.14,2.94,2.73
3/1/2020,2.49,2.74,3.07,2.88,2.66
6/1/2020,2.52,2.78,3.1,2.92,2.7
7/1/2020,2.53,2.79,3.12,2.94,2.71
8/1/2020,2.57,2.83,3.16,2.98,2.75
9/1/2020,2.54,2.81,3.14,2.94,2.72
10/1/2020,2.51,2.78,3.11,2.9,2.69
13/01/2020,2.52,2.8,3.13,2.92,2.71
14/01/2020,2.51,2.77,3.12,2.91,2.69
15/01/2020,2.49,2.76,3.1,2.89,2.67
16/01/2020,2.49,2.76,3.11,2.89,2.68
17/01/2020,2.49,2.76,3.11,2.89,2.68
21/01/2020,2.45,2.71,3.06,2.83,2.62
22/01/2020,2.43,2.7,3.06,2.82,2.62
23/01/2020,2.42,2.69,3.05,2.81,2.6
24/01/2020,2.38,2.65,3.01,2.78,2.55
27/01/2020,2.34,2.61,3,2.75,2.52
28/01/2020,2.37,2.65,3.03,2.77,2.55
29/01/2020,2.34,2.61,2.98,2.73,2.5
30/01/2020,2.31,2.59,2.97,2.73,2.48
31/01/2020,2.29,2.56,2.96,2.7,2.45
3/2/2020,2.29,2.57,2.96,2.7,2.46
4/2/2020,2.35,2.64,3.02,2.74,2.52
5/2/2020,2.36,2.65,3.04,2.76,2.54
6/2/2020,2.35,2.64,3.02,2.74,2.53
7/2/2020,2.3,2.58,2.97,2.7,2.48
10/2/2020,2.27,2.56,2.96,2.68,2.45
11/2/2020,2.31,2.59,2.98,2.71,2.48
12/2/2020,2.33,2.61,2.99,2.73,2.5
13/02/2020,2.33,2.6,2.98,2.72,2.49
14/02/2020,2.3,2.57,2.95,2.71,2.46
18/02/2020,2.28,2.55,2.93,2.69,2.44
19/02/2020,2.3,2.57,2.93,2.7,2.45
20/02/2020,2.27,2.54,2.9,2.69,2.42
21/02/2020,2.23,2.5,2.86,2.65,2.38
24/02/2020,2.19,2.46,2.82,2.62,2.34
25/02/2020,2.17,2.44,2.82,2.59,2.31
26/02/2020,2.19,2.47,2.88,2.62,2.33
27/02/2020,2.16,2.47,2.9,2.62,2.33
28/02/2020,2.1,2.44,2.89,2.55,2.26
2/3/2020,2.05,2.38,2.89,2.51,2.25
3/3/2020,1.96,2.3,2.84,2.44,2.17
4/3/2020,1.91,2.25,2.8,2.39,2.13
5/3/2020,1.88,2.23,2.81,2.37,2.1
6/3/2020,1.85,2.2,2.78,2.28,2.03
9/3/2020,1.96,2.36,3.76,2.42,2.17
10/3/2020,2.14,2.55,4.22,2.53,2.28
11/3/2020,2.29,2.74,4.48,2.72,2.49
12/3/2020,2.63,3.1,4.92,3.06,2.8
13/03/2020,2.75,3.19,4.98,3.06,2.81
16/03/2020,2.94,3.32,5.13,3.1,2.82
17/03/2020,3.22,3.72,5.42,3.48,3.08
18/03/2020,3.78,4.28,5.97,4.08,3.45
19/03/2020,4.22,4.77,7.17,4.46,3.76
20/03/2020,4.32,5.03,6.98,4.49,3.83
23/03/2020,4.16,5.15,7.24,4.29,3.98
24/03/2020,4.1,5.12,7.42,4.04,4.02
25/03/2020,3.82,4.82,7.26,3.8,3.93
26/03/2020,3.39,4.63,6.75,3.46,3.58
27/03/2020,3.23,4.42,6.52,3.35,3.46
30/03/2020,3.05,4.34,6.4,3.22,3.33
31/03/2020,2.89,4.12,6.28,3.14,3.18
1/4/2020,2.94,4.1,5.26,3.19,3.21
2/4/2020,2.96,4.13,5.14,3.2,3.21
3/4/2020,2.96,4.24,5.1,3.19,3.23
6/4/2020,2.98,4.27,5.12,3.19,3.26
7/4/2020,2.91,4.21,4.97,3.12,3.24
8/4/2020,2.81,4.13,4.87,3.03,3.18
9/4/2020,2.57,3.63,4.59,2.72,2.86
13/04/2020,2.38,3.58,4.29,2.63,2.78
14/04/2020,2.29,3.38,4.26,2.6,2.66
15/04/2020,2.28,3.29,4.17,2.55,2.56
16/04/2020,2.29,3.26,4.1,2.52,2.52
17/04/2020,2.3,3.25,4.11,2.55,2.54
20/04/2020,2.31,3.25,4.14,2.56,2.51
21/04/2020,2.32,3.31,4.2,2.57,2.49
22/04/2020,2.34,3.33,4.22,2.59,2.52
23/04/2020,2.31,3.31,4.18,2.54,2.5
24/04/2020,2.3,3.32,4.14,2.56,2.49
27/04/2020,2.32,3.35,4.19,2.62,2.52
28/04/2020,2.27,3.3,4.15,2.57,2.48
29/04/2020,2.23,3.27,4.09,2.55,2.48
30/04/2020,2.21,3.27,4.02,2.57,2.49
1/5/2020,2.24,3.22,3.82,2.63,2.56
4/5/2020,2.24,3.23,3.84,2.67,2.58
5/5/2020,2.24,3.23,3.8,2.68,2.59
6/5/2020,2.25,3.26,3.8,2.75,2.65
7/5/2020,2.2,3.21,3.72,2.7,2.58
8/5/2020,2.25,3.24,3.76,2.78,2.62
11/5/2020,2.29,3.29,3.8,2.85,2.66
12/5/2020,2.25,3.25,3.74,2.8,2.62
13/05/2020,2.22,3.21,3.69,2.77,2.59
14/05/2020,2.18,3.18,3.65,2.73,2.58
15/05/2020,2.18,3.2,3.62,2.71,2.6
18/05/2020,2.18,3.19,3.61,2.69,2.62
19/05/2020,2.12,3.11,3.51,2.6,2.55
20/05/2020,2.05,2.98,3.38,2.52,2.49
21/05/2020,2.02,2.92,3.29,2.57,2.47
22/05/2020,2.01,2.89,3.23,2.56,2.45
26/05/2020,2.02,2.88,3.19,2.56,2.45
27/05/2020,1.97,2.82,3.11,2.54,2.41
28/05/2020,1.96,2.78,3.08,2.53,2.4
29/05/2020,1.9,2.7,3,2.47,2.33
1/6/2020,1.9,2.82,2.94,2.48,2.49
2/6/2020,1.88,2.77,2.9,2.54,2.46
3/6/2020,1.86,2.75,2.87,2.49,2.47
4/6/2020,1.84,2.73,2.84,2.51,2.47
5/6/2020,1.82,2.63,2.78,2.48,2.44
8/6/2020,1.77,2.59,2.72,2.41,2.41
9/6/2020,1.75,2.56,2.71,2.42,2.37
10/6/2020,1.71,2.54,2.7,2.39,2.32
11/6/2020,1.74,2.61,2.75,2.42,2.34
12/6/2020,1.76,2.62,2.79,2.44,2.36
15/06/2020,1.76,2.65,2.81,2.43,2.36
16/06/2020,1.69,2.51,2.69,2.34,2.31
17/06/2020,1.67,2.49,2.64,2.32,2.29
18/06/2020,1.65,2.49,2.65,2.32,2.26
19/06/2020,1.66,2.47,2.64,2.32,2.26
22/06/2020,1.66,2.49,2.65,2.34,2.26
23/06/2020,1.66,2.48,2.65,2.35,2.26
24/06/2020,1.66,2.51,2.67,2.38,2.26
25/06/2020,1.66,2.52,2.7,2.39,2.26
26/06/2020,1.64,2.52,2.7,2.39,2.24
29/06/2020,1.65,2.52,2.7,2.4,2.24
30/06/2020,1.64,2.49,2.69,2.39,2.24
1/7/2020,1.63,2.36,2.69,2.3,2.27
2/7/2020,1.61,2.32,2.64,2.28,2.24
6/7/2020,1.58,2.28,2.6,2.25,2.22
7/7/2020,1.56,2.26,2.6,2.2,2.18
8/7/2020,1.56,2.26,2.6,2.2,2.18
9/7/2020,1.54,2.22,2.57,2.16,2.14
10/7/2020,1.55,2.23,2.62,2.18,2.17
13/07/2020,1.56,2.22,2.58,2.17,2.16
14/07/2020,1.54,2.21,2.58,2.17,2.14
15/07/2020,1.54,2.19,2.56,2.16,2.13
16/07/2020,1.51,2.17,2.53,2.13,2.1
17/07/2020,1.51,2.16,2.53,2.13,2.1
20/07/2020,1.5,2.14,2.46,2.11,2.55
21/07/2020,1.47,2.1,2.43,2.07,2.52
22/07/2020,1.44,2.08,2.39,2.05,2.49
23/07/2020,1.43,2.08,2.38,2.05,2.51
24/07/2020,1.44,2.08,2.38,2.2,2.51
27/07/2020,1.45,2.09,2.39,2.22,2.52
28/07/2020,1.43,2.06,2.38,2.21,2.5
29/07/2020,1.43,2.05,2.38,2.21,2.84
30/07/2020,1.4,2.02,2.35,2.18,2.82
31/07/2020,1.39,1.99,2.34,2.16,2.81
3/8/2020,1.42,2.02,2.36,2.04,2.04
4/8/2020,1.37,1.97,2.33,1.99,2
5/8/2020,1.37,1.98,2.31,1.99,2.01
6/8/2020,1.35,1.96,2.28,1.97,1.99
7/8/2020,1.36,1.97,2.29,1.98,2
10/8/2020,1.36,1.97,2.31,1.99,2.01
11/8/2020,1.4,2,2.34,2.06,2.04
12/8/2020,1.41,2.05,2.37,2.1,2.1
13/08/2020,1.44,2.07,2.39,2.13,2.12
14/08/2020,1.45,2.1,2.41,2.17,2.14
17/08/2020,1.45,2.11,2.41,2.17,2.14
18/08/2020,1.46,2.1,2.4,2.17,2.14
19/08/2020,1.46,2.1,2.4,2.17,2.14
20/08/2020,1.45,2.07,2.39,2.15,2.1
21/08/2020,1.45,2.06,2.39,2.14,2.09
24/08/2020,1.45,2.06,2.37,2.15,2.09
25/08/2020,1.47,2.09,2.39,2.17,2.11
26/08/2020,1.47,2.09,2.4,2.18,2.11
27/08/2020,1.49,2.12,2.43,2.23,2.16
28/08/2020,1.48,2.1,2.43,2.22,2.14
31/08/2020,1.46,2.05,2.39,2.16,2.09
1/9/2020,1.44,1.97,2.35,2.17,2.07
2/9/2020,1.42,1.94,2.3,2.14,2.04
3/9/2020,1.41,1.91,2.29,2.12,2.01
4/9/2020,1.46,1.97,2.35,2.21,2.08
8/9/2020,1.47,1.96,2.37,2.21,2.07
9/9/2020,1.48,1.98,2.39,2.23,2.09
10/9/2020,1.47,1.96,2.38,2.21,2.07
11/9/2020,1.45,1.95,2.37,2.19,2.06
14/09/2020,1.45,1.95,2.41,2.19,2.06
15/09/2020,1.45,1.95,2.39,2.18,2.06
16/09/2020,1.45,1.94,2.38,2.17,2.06
17/09/2020,1.45,1.94,2.37,2.16,2.03
18/09/2020,1.46,1.94,2.38,2.18,2.04
21/09/2020,1.47,1.95,2.39,2.18,2.04
22/09/2020,1.46,1.95,2.4,2.17,2.03
23/09/2020,1.5,1.97,2.4,2.19,2.06
24/09/2020,1.53,2,2.44,2.23,2.07
25/09/2020,1.55,2.02,2.51,2.25,2.09
28/09/2020,1.56,2.02,2.51,2.25,2.09
29/09/2020,1.53,2.01,2.49,2.24,2.07
30/09/2020,1.53,2.02,2.5,2.25,2.09
1/10/2020,1.53,1.98,2.51,2.27,2.11
2/10/2020,1.54,2,2.52,2.28,2.13
5/10/2020,1.56,2.01,2.57,2.31,2.14
6/10/2020,1.53,1.97,2.53,2.26,2.12
7/10/2020,1.54,2,2.55,2.29,2.14
8/10/2020,1.52,1.97,2.52,2.27,2.11
9/10/2020,1.52,1.97,2.53,2.27,2.11
13/10/2020,1.47,1.93,2.47,2.22,2.06
14/10/2020,1.48,1.92,2.44,2.23,2.06
15/10/2020,1.49,1.93,2.48,2.24,2.08
16/10/2020,1.5,1.93,2.47,2.24,2.07
19/10/2020,1.5,1.93,2.48,2.27,2.07
20/10/2020,1.52,1.94,2.49,2.3,2.1
21/10/2020,1.52,1.95,2.51,2.32,2.1
22/10/2020,1.53,1.97,2.52,2.34,2.11
23/10/2020,1.52,1.95,2.53,2.32,2.09
26/10/2020,1.5,1.93,2.52,2.29,2.07
27/10/2020,1.48,1.91,2.49,2.27,2.05
28/10/2020,1.5,1.93,2.52,2.3,2.07
29/10/2020,1.53,1.97,2.57,2.34,2.12
30/10/2020,1.54,1.98,2.6,2.35,2.14
2/11/2020,1.54,1.96,2.61,2.3,2.13
3/11/2020,1.54,1.97,2.61,2.31,2.14
4/11/2020,1.47,1.88,2.54,2.19,2.04
5/11/2020,1.45,1.84,2.49,2.15,2.03
6/11/2020,1.47,1.86,2.49,2.18,2.05
9/11/2020,1.49,1.87,2.53,2.22,2.06
10/11/2020,1.51,1.88,2.51,2.27,2.07
12/11/2020,1.46,1.83,2.46,2.21,2.02
13/11/2020,1.48,1.85,2.47,2.21,2.03
16/11/2020,1.47,1.85,2.48,2.21,2.02
17/11/2020,1.44,1.81,2.42,2.18,1.98
18/11/2020,1.44,1.81,2.39,2.17,1.97
19/11/2020,1.42,1.77,2.35,2.14,1.93
20/11/2020,1.41,1.76,2.32,2.12,1.91
23/11/2020,1.41,1.77,2.33,2.14,1.93
24/11/2020,1.42,1.77,2.33,2.15,1.93
25/11/2020,1.46,1.75,2.3,2.15,1.93
27/11/2020,1.44,1.73,2.32,2.11,1.9
30/11/2020,1.42,1.71,2.26,2.09,1.88
1/12/2020,1.42,1.74,2.29,2.15,1.92
2/12/2020,1.42,1.73,2.25,2.15,1.92
3/12/2020,1.4,1.69,2.19,2.12,1.88
4/12/2020,1.42,1.73,2.22,2.18,1.91
7/12/2020,1.4,1.69,2.22,2.14,1.87
8/12/2020,1.43,1.7,2.2,2.15,1.88
9/12/2020,1.46,1.72,2.24,2.2,1.92
10/12/2020,1.44,1.69,2.21,2.15,1.88
11/12/2020,1.43,1.7,2.22,2.15,1.88
14/12/2020,1.42,1.69,2.18,2.15,1.87
15/12/2020,1.44,1.7,2.2,2.16,1.89
16/12/2020,1.42,1.69,2.17,2.15,1.88
17/12/2020,1.41,1.68,2.17,2.14,1.87
18/12/2020,1.42,1.69,2.16,2.15,1.88
21/12/2020,1.43,1.69,2.17,2.15,1.88
22/12/2020,1.41,1.67,2.16,2.14,1.86
23/12/2020,1.42,1.68,2.15,2.18,1.88
24/12/2020,1.4,1.65,2.15,2.15,1.86
28/12/2020,1.41,1.65,2.15,2.15,1.86
29/12/2020,1.4,1.64,2.13,2.14,1.85
30/12/2020,1.38,1.62,2.1,2.13,1.83
31/12/2020,1.36,1.62,2.12,2.11,1.82
4/1/2021,1.36,1.63,2.07,2.16,1.84
5/1/2021,1.39,1.67,2.1,2.22,1.88
6/1/2021,1.45,1.73,2.18,2.29,1.94
7/1/2021,1.44,1.73,2.16,2.28,1.94
8/1/2021,1.46,1.74,2.15,2.31,1.95
11/1/2021,1.47,1.75,2.16,2.34,1.97
12/1/2021,1.48,1.76,2.19,2.34,1.97
13/01/2021,1.44,1.71,2.14,2.27,1.92
14/01/2021,1.45,1.73,2.13,2.3,1.95
15/01/2021,1.44,1.71,2.11,2.28,1.92
19/01/2021,1.43,1.71,2.09,2.27,1.91
20/01/2021,1.43,1.68,2.12,2.27,1.9
21/01/2021,1.44,1.69,2.15,2.3,1.91
22/01/2021,1.44,1.71,2.15,2.3,1.92
25/01/2021,1.44,1.68,2.15,2.27,1.89
26/01/2021,1.44,1.69,2.15,2.28,1.9
27/01/2021,1.43,1.68,2.16,2.27,1.9
28/01/2021,1.45,1.71,2.2,2.3,1.92
29/01/2021,1.46,1.73,2.24,2.32,1.95
1/2/2021,1.45,1.71,2.17,2.31,1.93
2/2/2021,1.46,1.73,2.17,2.33,1.95
3/2/2021,1.47,1.74,2.2,2.34,1.96
4/2/2021,1.46,1.73,2.21,2.33,1.95
5/2/2021,1.47,1.74,2.21,2.34,1.96
8/2/2021,1.45,1.72,2.25,2.32,1.94
9/2/2021,1.45,1.72,2.19,2.32,1.93
10/2/2021,1.43,1.7,2.16,2.31,1.92
11/2/2021,1.44,1.71,2.15,2.32,1.93
12/2/2021,1.46,1.74,2.18,2.36,1.96
16/02/2021,1.51,1.79,2.25,2.43,2.01
17/02/2021,1.49,1.78,2.22,2.4,2
18/02/2021,1.47,1.77,2.2,2.4,1.99
19/02/2021,1.51,1.81,2.24,2.45,2.03
22/02/2021,1.53,1.83,2.28,2.5,2.06
23/02/2021,1.55,1.85,2.32,2.53,2.08
24/02/2021,1.57,1.88,2.3,2.55,2.11
25/02/2021,1.67,1.99,2.48,2.65,2.21
26/02/2021,1.63,1.93,2.46,2.58,2.14
1/3/2021,1.63,1.92,2.35,2.58,2.15
2/3/2021,1.61,1.9,2.33,2.55,2.13
3/3/2021,1.65,1.95,2.34,2.59,2.17
4/3/2021,1.7,2,2.41,2.66,2.22
5/3/2021,1.73,2.01,2.43,2.69,2.24
8/3/2021,1.79,2.07,2.48,2.74,2.27
9/3/2021,1.78,2.08,2.47,2.72,2.27
10/3/2021,1.76,2.05,2.44,2.69,2.25
11/3/2021,1.75,2.03,2.43,2.68,2.24
12/3/2021,1.82,2.11,2.51,2.77,2.32
15/03/2021,1.81,2.09,2.49,2.75,2.29
16/03/2021,1.81,2.09,2.49,2.76,2.3
17/03/2021,1.81,2.09,2.49,2.77,2.3
18/03/2021,1.85,2.13,2.54,2.82,2.35
19/03/2021,1.84,2.13,2.53,2.79,2.34
22/03/2021,1.81,2.09,2.5,2.75,2.3
23/03/2021,1.8,2.07,2.49,2.72,2.27
24/03/2021,1.79,2.06,2.48,2.71,2.26
25/03/2021,1.79,2.06,2.48,2.71,2.27
26/03/2021,1.82,2.08,2.5,2.73,2.29
29/03/2021,1.85,2.11,2.52,2.76,2.32
30/03/2021,1.83,2.1,2.5,2.74,2.31
31/03/2021,1.82,2.1,2.49,2.72,2.31
1/4/2021,1.8,2.08,2.44,2.65,2.24
2/4/2021,1.84,2.12,2.48,2.69,2.28
5/4/2021,1.81,2.1,2.45,2.68,2.25
6/4/2021,1.77,2.06,2.41,2.65,2.21
7/4/2021,1.77,2.05,2.4,2.64,2.21
8/4/2021,1.76,2.03,2.39,2.62,2.19
9/4/2021,1.77,2.05,2.39,2.65,2.21
12/4/2021,1.78,2.06,2.41,2.67,2.22
13/04/2021,1.75,2.02,2.38,2.63,2.18
14/04/2021,1.76,2.03,2.37,2.62,2.19
15/04/2021,1.71,1.95,2.31,2.54,2.11
16/04/2021,1.75,1.99,2.35,2.6,2.15
19/04/2021,1.77,2.02,2.38,2.64,2.17
20/04/2021,1.75,1.99,2.35,2.61,2.16
21/04/2021,1.74,2,2.36,2.61,2.15
22/04/2021,1.74,1.98,2.33,2.59,2.14
23/04/2021,1.74,1.99,2.37,2.6,2.15
26/04/2021,1.74,1.99,2.35,2.59,2.15
27/04/2021,1.75,2.02,2.39,2.62,2.18
28/04/2021,1.73,2.01,2.38,2.63,2.17
29/04/2021,1.73,2.02,2.39,2.63,2.17
30/04/2021,1.73,2.01,2.37,2.62,2.17
3/5/2021,1.66,2,2.36,2.61,2.18
4/5/2021,1.66,1.98,2.35,2.6,2.17
5/5/2021,1.66,1.96,2.33,2.59,2.16
6/5/2021,1.63,1.96,2.31,2.57,2.14
7/5/2021,1.63,1.95,2.31,2.58,2.15
10/5/2021,1.65,1.98,2.31,2.62,2.16
11/5/2021,1.68,2.01,2.33,2.65,2.19
12/5/2021,1.73,2.06,2.37,2.7,2.24
13/05/2021,1.69,2.03,2.36,2.67,2.21
14/05/2021,1.66,2,2.33,2.63,2.19
17/05/2021,1.68,2.01,2.32,2.62,2.2
18/05/2021,1.67,2.01,2.33,2.63,2.2
19/05/2021,1.71,2.04,2.35,2.66,2.23
20/05/2021,1.66,1.98,2.32,2.61,2.18
21/05/2021,1.66,1.99,2.3,2.61,2.19
24/05/2021,1.64,1.97,2.28,2.58,2.16
25/05/2021,1.61,1.93,2.26,2.55,2.13
26/05/2021,1.61,1.94,2.25,2.55,2.13
27/05/2021,1.62,1.95,2.26,2.56,2.15
28/05/2021,1.61,1.94,2.26,2.57,2.13
1/6/2021,1.62,1.94,2.28,2.62,2.16
2/6/2021,1.6,1.92,2.26,2.59,2.14
3/6/2021,1.63,1.96,2.29,2.62,2.16
4/6/2021,1.59,1.9,2.26,2.56,2.11
7/6/2021,1.6,1.92,2.25,2.57,2.12
8/6/2021,1.59,1.93,2.22,2.54,2.09
9/6/2021,1.56,1.9,2.19,2.5,2.06
10/6/2021,1.56,1.88,2.17,2.48,2.04
11/6/2021,1.57,1.88,2.17,2.48,2.04
14/06/2021,1.59,1.91,2.19,2.51,2.07
15/06/2021,1.59,1.91,2.19,2.51,2.07
16/06/2021,1.63,1.96,2.22,2.54,2.12
17/06/2021,1.6,1.91,2.21,2.48,2.06
18/06/2021,1.59,1.9,2.18,2.44,2.04
21/06/2021,1.62,1.93,2.2,2.49,2.08
22/06/2021,1.6,1.91,2.2,2.48,2.06
23/06/2021,1.62,1.92,2.2,2.49,2.08
24/06/2021,1.62,1.92,2.2,2.48,2.07
25/06/2021,1.64,1.93,2.23,2.52,2.08
28/06/2021,1.6,1.9,2.19,2.47,2.05
29/06/2021,1.6,1.89,2.18,2.47,2.05
30/06/2021,1.59,1.87,2.17,2.44,2.03
1/7/2021,1.62,1.89,2.18,2.47,2.04
2/7/2021,1.58,1.86,2.16,2.44,2.01
6/7/2021,1.54,1.82,2.11,2.4,1.97
7/7/2021,1.52,1.8,2.09,2.37,1.94
8/7/2021,1.5,1.78,2.08,2.36,1.93
9/7/2021,1.56,1.83,2.13,2.41,1.98
12/7/2021,1.57,1.83,2.14,2.41,1.98
13/07/2021,1.61,1.87,2.16,2.45,2.03
14/07/2021,1.56,1.83,2.14,2.4,1.98
15/07/2021,1.53,1.8,2.11,2.37,1.94
16/07/2021,1.54,1.8,2.11,2.38,1.95
19/07/2021,1.5,1.76,2.06,2.32,1.91
20/07/2021,1.53,1.77,2.08,2.35,1.94
21/07/2021,1.55,1.81,2.13,2.38,1.96
22/07/2021,1.53,1.78,2.11,2.35,1.94
23/07/2021,1.54,1.79,2.11,2.36,1.95
26/07/2021,1.53,1.79,2.11,2.35,1.95
27/07/2021,1.51,1.77,2.09,2.33,1.92
28/07/2021,1.52,1.79,2.1,2.35,1.94
29/07/2021,1.52,1.79,2.09,2.34,1.93
30/07/2021,1.49,1.75,2.09,2.33,1.91
2/8/2021,1.47,1.72,2.03,2.28,1.88
3/8/2021,1.48,1.73,2.03,2.29,1.89
4/8/2021,1.49,1.74,2.04,2.29,1.9
5/8/2021,1.51,1.77,2.07,2.32,1.93
6/8/2021,1.54,1.82,2.11,2.38,1.96
9/8/2021,1.57,1.85,2.17,2.42,1.99
10/8/2021,1.6,1.88,2.2,2.44,2.02
11/8/2021,1.59,1.88,2.21,2.46,2.02
12/8/2021,1.6,1.89,2.22,2.46,2.03
13/08/2021,1.55,1.85,2.17,2.41,1.99
16/08/2021,1.53,1.82,2.16,2.37,1.96
17/08/2021,1.54,1.83,2.17,2.38,1.97
18/08/2021,1.56,1.84,2.18,2.4,1.99
19/08/2021,1.54,1.82,2.19,2.38,1.97
20/08/2021,1.56,1.84,2.21,2.38,1.98
23/08/2021,1.55,1.83,2.2,2.37,1.97
24/08/2021,1.57,1.85,2.2,2.39,2
25/08/2021,1.59,1.87,2.22,2.43,2.03
26/08/2021,1.58,1.87,2.22,2.42,2.02
27/08/2021,1.55,1.83,2.19,2.39,1.99
30/08/2021,1.53,1.81,2.17,2.36,1.97
31/08/2021,1.54,1.81,2.16,2.37,1.97
1/9/2021,1.62,1.82,2.18,2.37,1.98
2/9/2021,1.6,1.82,2.15,2.36,1.97
3/9/2021,1.62,1.84,2.17,2.39,1.99
7/9/2021,1.65,1.88,2.19,2.44,2.03
8/9/2021,1.63,1.86,2.18,2.41,2.01
9/9/2021,1.6,1.83,2.14,2.37,1.98
10/9/2021,1.63,1.86,2.15,2.38,2
13/09/2021,1.6,1.84,2.14,2.36,1.98
14/09/2021,1.58,1.81,2.12,2.33,1.95
15/09/2021,1.59,1.84,2.12,2.35,1.97
16/09/2021,1.61,1.86,2.13,2.37,1.98
17/09/2021,1.63,1.89,2.16,2.39,2.01
20/09/2021,1.6,1.84,2.13,2.35,1.96
21/09/2021,1.62,1.84,2.12,2.36,1.98
22/09/2021,1.63,1.85,2.13,2.36,1.99
23/09/2021,1.67,1.88,2.16,2.4,2.03
24/09/2021,1.69,1.91,2.18,2.43,2.06
27/09/2021,1.69,1.92,2.19,2.44,2.07
28/09/2021,1.73,1.96,2.23,2.51,2.1
29/09/2021,1.73,1.95,2.22,2.51,2.1
30/09/2021,1.73,1.95,2.23,2.52,2.09
1/10/2021,1.69,1.93,2.19,2.49,2.06
4/10/2021,1.71,1.94,2.19,2.5,2.07
5/10/2021,1.74,1.98,2.22,2.54,2.1
6/10/2021,1.75,1.98,2.22,2.54,2.1
7/10/2021,1.78,2.01,2.25,2.59,2.14
8/10/2021,1.81,2.04,2.29,2.63,2.17
12/10/2021,1.81,2.03,2.29,2.62,2.16
13/10/2021,1.81,2.02,2.26,2.59,2.14
14/10/2021,1.78,1.99,2.23,2.55,2.11
15/10/2021,1.82,2.04,2.26,2.58,2.16
18/10/2021,1.84,2.05,2.26,2.57,2.16
19/10/2021,1.86,2.07,2.28,2.61,2.18
20/10/2021,1.85,2.07,2.3,2.64,2.18
21/10/2021,1.89,2.11,2.34,2.67,2.22
22/10/2021,1.9,2.1,2.33,2.66,2.2
25/10/2021,1.88,2.08,2.32,2.64,2.19
26/10/2021,1.87,2.09,2.32,2.62,2.17
27/10/2021,1.82,2.04,2.26,2.54,2.12
28/10/2021,1.86,2.07,2.28,2.58,2.16
29/10/2021,1.86,2.08,2.29,2.58,2.14
1/11/2021,1.89,2.09,2.3,2.6,2.17
2/11/2021,1.86,2.05,2.29,2.58,2.14
3/11/2021,1.87,2.09,2.31,2.59,2.17
4/11/2021,1.81,2.03,2.27,2.54,2.12
5/11/2021,1.77,1.98,2.2,2.48,2.06
8/11/2021,1.8,2.01,2.23,2.5,2.1
9/11/2021,1.76,1.96,2.17,2.46,2.04
10/11/2021,1.87,2.07,2.27,2.56,2.14
12/11/2021,1.9,2.1,2.3,2.61,2.16
15/11/2021,1.94,2.15,2.34,2.66,2.2
16/11/2021,1.95,2.16,2.37,2.69,2.21
17/11/2021,1.94,2.14,2.38,2.68,2.19
18/11/2021,1.93,2.13,2.35,2.65,2.17
19/11/2021,1.91,2.1,2.35,2.61,2.15
22/11/2021,1.99,2.19,2.43,2.69,2.25
23/11/2021,2.02,2.23,2.46,2.74,2.29
24/11/2021,2.03,2.23,2.46,2.73,2.29
26/11/2021,1.92,2.12,2.39,2.63,2.2
29/11/2021,1.96,2.16,2.43,2.66,2.24
30/11/2021,1.92,2.12,2.41,2.6,2.2
1/12/2021,1.94,2.14,2.43,2.61,2.21
2/12/2021,1.98,2.18,2.47,2.63,2.24
3/12/2021,1.91,2.09,2.44,2.54,2.17
6/12/2021,1.96,2.16,2.47,2.6,2.24
7/12/2021,1.97,2.17,2.41,2.6,2.25
8/12/2021,1.98,2.2,2.49,2.66,2.28
9/12/2021,1.98,2.19,2.47,2.64,2.27
10/12/2021,1.99,2.2,2.46,2.66,2.27
13/12/2021,1.95,2.15,2.4,2.6,2.23
14/12/2021,1.98,2.17,2.46,2.64,2.25
15/12/2021,2.01,2.21,2.47,2.68,2.29
16/12/2021,1.95,2.15,2.43,2.63,2.24
17/12/2021,1.96,2.15,2.46,2.63,2.24
20/12/2021,1.98,2.18,2.48,2.66,2.26
21/12/2021,2,2.21,2.5,2.69,2.3
22/12/2021,1.98,2.18,2.46,2.65,2.26
23/12/2021,2.01,2.21,2.48,2.67,2.29
27/12/2021,2,2.2,2.47,2.65,2.28
28/12/2021,1.99,2.18,2.45,2.64,2.27
29/12/2021,2.02,2.21,2.47,2.67,2.31
30/12/2021,1.99,2.18,2.47,2.65,2.28
31/12/2021,1.97,2.16,2.44,2.62,2.26
3/1/2022,2.06,2.25,2.54,2.73,2.32
4/1/2022,2.08,2.29,2.56,2.77,2.35
5/1/2022,2.12,2.31,2.57,2.79,2.37
6/1/2022,2.16,2.35,2.62,2.83,2.41
7/1/2022,2.18,2.37,2.64,2.86,2.43
10/1/2022,2.21,2.41,2.67,2.89,2.46
11/1/2022,2.19,2.38,2.67,2.86,2.43
12/1/2022,2.18,2.38,2.66,2.85,2.43
13/01/2022,2.18,2.37,2.64,2.84,2.42
14/01/2022,2.25,2.44,2.7,2.92,2.49
18/01/2022,2.33,2.54,2.79,3.01,2.57
19/01/2022,2.29,2.5,2.75,2.96,2.54
20/01/2022,2.31,2.53,2.76,3,2.55
21/01/2022,2.27,2.48,2.73,2.94,2.51
24/01/2022,2.28,2.48,2.74,2.96,2.53
25/01/2022,2.31,2.54,2.77,3,2.57
26/01/2022,2.34,2.58,2.8,3.03,2.6
27/01/2022,2.38,2.61,2.85,3.05,2.63
28/01/2022,2.39,2.61,2.88,3.05,2.64
31/01/2022,2.39,2.62,2.86,3.04,2.64
1/2/2022,2.39,2.61,2.86,3.03,2.64
2/2/2022,2.37,2.57,2.81,3,2.6
3/2/2022,2.44,2.64,2.88,3.08,2.66
4/2/2022,2.56,2.77,2.99,3.2,2.79
7/2/2022,2.54,2.75,2.99,3.18,2.77
8/2/2022,2.57,2.78,3.01,3.19,2.8
9/2/2022,2.54,2.76,2.98,3.16,2.77
10/2/2022,2.68,2.9,3.1,3.28,2.9
11/2/2022,2.66,2.85,3.09,3.25,2.86
14/02/2022,2.71,2.92,3.14,3.31,2.93
15/02/2022,2.73,2.94,3.18,3.34,2.96
16/02/2022,2.75,2.96,3.19,3.37,2.97
17/02/2022,2.73,2.94,3.17,3.34,2.93
18/02/2022,2.72,2.94,3.17,3.32,2.92
22/02/2022,2.79,3,3.2,3.37,2.97
23/02/2022,2.81,3.02,3.25,3.4,3
24/02/2022,2.84,3.07,3.3,3.44,3.04
25/02/2022,2.83,3.05,3.25,3.4,3.03
28/02/2022,2.71,2.91,3.16,3.27,2.9
1/3/2022,2.62,2.73,3.07,3.17,2.81
2/3/2022,2.78,2.91,3.18,3.33,2.98
3/3/2022,2.77,2.9,3.39,3.3,2.96
4/3/2022,2.75,2.85,3.34,3.26,2.91
7/3/2022,2.85,2.94,3.42,3.35,3
8/3/2022,2.99,3.09,3.44,3.5,3.15
9/3/2022,3.03,3.14,3.48,3.52,3.19
10/3/2022,3.11,3.23,3.55,3.62,3.27
11/3/2022,3.13,3.25,3.58,3.63,3.28
14/03/2022,3.25,3.4,3.71,3.76,3.43
15/03/2022,3.26,3.41,3.72,3.77,3.44
16/03/2022,3.24,3.4,3.69,3.71,3.43
17/03/2022,3.16,3.32,3.64,3.64,3.37
18/03/2022,3.13,3.27,3.52,3.56,3.31
21/03/2022,3.26,3.41,3.61,3.69,3.46
22/03/2022,3.29,3.44,3.68,3.72,3.49
23/03/2022,3.23,3.37,3.63,3.66,3.42
24/03/2022,3.27,3.41,3.64,3.7,3.44
25/03/2022,3.4,3.55,3.73,3.83,3.58
28/03/2022,3.38,3.54,3.75,3.8,3.57
29/03/2022,3.29,3.44,3.64,3.71,3.48
30/03/2022,3.24,3.39,3.6,3.67,3.42
31/03/2022,3.22,3.35,3.59,3.63,3.39
1/4/2022,3.3,3.43,3.66,3.72,3.45
4/4/2022,3.31,3.44,3.66,3.72,3.47
5/4/2022,3.4,3.53,3.73,3.82,3.56
6/4/2022,3.45,3.58,3.82,3.9,3.6
7/4/2022,3.46,3.6,3.82,3.93,3.62
8/4/2022,3.54,3.68,3.89,4.02,3.7
11/4/2022,3.59,3.75,3.98,4.11,3.76
12/4/2022,3.55,3.7,3.95,4.08,3.71
13/04/2022,3.55,3.7,3.9,4.06,3.71
14/04/2022,3.65,3.79,4,4.16,3.8
18/04/2022,3.69,3.84,4.04,4.19,3.84
19/04/2022,3.76,3.91,4.11,4.26,3.91
20/04/2022,3.72,3.86,4.08,4.2,3.86
21/04/2022,3.83,3.97,4.18,4.31,3.96
22/04/2022,3.87,4.01,4.23,4.36,4
25/04/2022,3.8,3.95,4.18,4.28,3.94
26/04/2022,3.75,3.88,4.13,4.25,3.9
27/04/2022,3.78,3.92,4.14,4.3,3.94
28/04/2022,3.85,3.98,4.2,4.36,3.99
29/04/2022,3.9,4.02,4.24,4.4,4.04
2/5/2022,4,4.14,4.36,4.52,4.17
3/5/2022,3.97,4.1,4.29,4.46,4.13
4/5/2022,3.89,4.03,4.26,4.41,4.06
5/5/2022,3.97,4.12,4.36,4.52,4.16
6/5/2022,4.04,4.18,4.38,4.57,4.21
9/5/2022,4.03,4.15,4.37,4.56,4.19
10/5/2022,3.99,4.11,4.31,4.49,4.16
11/5/2022,3.94,4.05,4.34,4.49,4.12
12/5/2022,3.88,3.99,4.28,4.41,4.06
13/05/2022,3.98,4.1,4.39,4.53,4.17
16/05/2022,3.95,4.07,4.35,4.51,4.15
17/05/2022,4.05,4.18,4.44,4.6,4.24
18/05/2022,4.01,4.15,4.31,4.56,4.2
19/05/2022,4,4.14,4.37,4.53,4.19
20/05/2022,3.97,4.1,4.33,4.48,4.14
23/05/2022,4,4.14,4.38,4.54,4.19
24/05/2022,3.89,4.04,4.28,4.42,4.09
25/05/2022,3.82,3.97,4.23,4.35,4.03
26/05/2022,3.77,3.92,4.18,4.3,3.99
27/05/2022,3.77,3.91,4.17,4.28,3.98
31/05/2022,3.81,3.97,4.22,4.32,4.04
1/6/2022,3.9,4.05,4.25,4.37,4.11
2/6/2022,3.88,4.04,4.25,4.36,4.1
3/6/2022,3.93,4.08,4.27,4.41,4.15
6/6/2022,3.99,4.15,4.33,4.48,4.21
7/6/2022,3.96,4.11,4.3,4.43,4.16
8/6/2022,4,4.16,4.33,4.48,4.21
9/6/2022,4.04,4.2,4.36,4.52,4.25
10/6/2022,4.21,4.39,4.5,4.68,4.41
13/06/2022,4.47,4.68,4.79,4.95,4.7
14/06/2022,4.58,4.78,4.91,5.05,4.8
15/06/2022,4.48,4.66,4.82,4.94,4.69
16/06/2022,4.45,4.63,4.79,4.93,4.66
17/06/2022,4.44,4.58,4.75,4.87,4.61
21/06/2022,4.48,4.63,4.81,4.92,4.66
22/06/2022,4.41,4.54,4.75,4.83,4.56
23/06/2022,4.36,4.49,4.71,4.77,4.51
24/06/2022,4.39,4.52,4.74,4.8,4.56
27/06/2022,4.45,4.58,4.79,4.86,4.62
28/06/2022,4.48,4.61,4.82,4.89,4.64
29/06/2022,4.41,4.52,4.77,4.81,4.55
30/06/2022,4.34,4.44,4.71,4.74,4.48
1/7/2022,4.31,4.4,4.69,4.69,4.44
5/7/2022,4.26,4.35,4.65,4.63,4.39
6/7/2022,4.35,4.42,4.76,4.69,4.47
7/7/2022,4.38,4.46,4.81,4.72,4.51
8/7/2022,4.43,4.52,4.81,4.76,4.56
11/7/2022,4.36,4.43,4.75,4.66,4.49
12/7/2022,4.34,4.41,4.71,4.64,4.46
13/07/2022,4.37,4.41,4.73,4.62,4.46
14/07/2022,4.41,4.44,4.75,4.67,4.49
15/07/2022,4.38,4.4,4.74,4.63,4.45
18/07/2022,4.38,4.4,4.74,4.63,4.46
19/07/2022,4.44,4.45,4.78,4.67,4.49
20/07/2022,4.44,4.44,4.78,4.66,4.48
21/07/2022,4.3,4.31,4.68,4.57,4.34
22/07/2022,4.18,4.2,4.55,4.47,4.24
25/07/2022,4.25,4.24,4.6,4.54,4.3
26/07/2022,4.26,4.26,4.61,4.54,4.29
27/07/2022,4.18,4.19,4.58,4.46,4.22
28/07/2022,4.13,4.13,4.48,4.42,4.17
29/07/2022,4.11,4.09,4.45,4.37,4.13
1/8/2022,4.09,4.06,4.39,4.34,4.08
2/8/2022,4.22,4.19,4.48,4.46,4.21
3/8/2022,4.22,4.2,4.53,4.47,4.2
4/8/2022,4.16,4.13,4.47,4.41,4.14
5/8/2022,4.32,4.29,4.58,4.57,4.3
8/8/2022,4.25,4.23,4.56,4.5,4.24
9/8/2022,4.32,4.28,4.6,4.55,4.29
10/8/2022,4.25,4.23,4.53,4.51,4.25
11/8/2022,4.27,4.26,4.57,4.58,4.28
12/8/2022,4.24,4.23,4.55,4.51,4.25
15/08/2022,4.19,4.18,4.5,4.47,4.21
16/08/2022,4.22,4.21,4.51,4.5,4.24
17/08/2022,4.29,4.29,4.58,4.59,4.31
18/08/2022,4.27,4.28,4.57,4.58,4.3
19/08/2022,4.36,4.37,4.66,4.7,4.38
22/08/2022,4.43,4.44,4.72,4.76,4.46
23/08/2022,4.44,4.44,4.73,4.76,4.47
24/08/2022,4.47,4.47,4.77,4.8,4.5
25/08/2022,4.41,4.4,4.72,4.72,4.43
26/08/2022,4.43,4.43,4.74,4.73,4.44
29/08/2022,4.52,4.52,4.8,4.82,4.53
30/08/2022,4.53,4.53,4.83,4.84,4.53
31/08/2022,4.57,4.57,4.83,4.88,4.57
1/9/2022,4.71,4.71,5.02,5.04,4.71
2/9/2022,4.62,4.62,4.94,4.96,4.62
6/9/2022,4.76,4.78,5.07,5.11,4.77
7/9/2022,4.7,4.69,5.02,5.02,4.69
8/9/2022,4.71,4.71,5.03,5.02,4.72
9/9/2022,4.74,4.73,5.06,5.03,4.73
12/9/2022,4.74,4.75,5.07,5.04,4.75
13/09/2022,4.86,4.84,5.15,5.13,4.86
14/09/2022,4.87,4.85,5.17,5.13,4.85
15/09/2022,4.92,4.89,5.22,5.17,4.89
16/09/2022,4.93,4.9,5.23,5.21,4.92
19/09/2022,4.98,4.96,5.26,5.23,4.95
20/09/2022,5.04,5.02,5.31,5.3,5.01
21/09/2022,5,4.97,5.29,5.26,4.97
22/09/2022,5.18,5.16,5.45,5.44,5.15
23/09/2022,5.26,5.2,5.5,5.47,5.19
26/09/2022,5.42,5.37,5.68,5.65,5.33
27/09/2022,5.53,5.48,5.77,5.79,5.45
28/09/2022,5.38,5.3,5.64,5.65,5.27
29/09/2022,5.48,5.4,5.7,5.73,5.38
30/09/2022,5.49,5.43,5.74,5.73,5.42
3/10/2022,5.36,5.28,5.61,5.55,5.28
4/10/2022,5.29,5.2,5.53,5.46,5.2
5/10/2022,5.39,5.31,5.61,5.59,5.3
6/10/2022,5.44,5.36,5.67,5.61,5.35
7/10/2022,5.51,5.44,5.72,5.7,5.42
11/10/2022,5.6,5.52,5.81,5.81,5.5
12/10/2022,5.63,5.54,5.81,5.84,5.5
13/10/2022,5.73,5.63,5.9,5.91,5.58
14/10/2022,5.79,5.66,5.94,5.92,5.62
17/10/2022,5.79,5.65,5.93,5.92,5.6
18/10/2022,5.77,5.62,5.88,5.88,5.58
19/10/2022,5.91,5.75,6.01,6.02,5.71
20/10/2022,5.97,5.82,6.09,6.11,5.8
21/10/2022,5.94,5.8,6.08,6.13,5.77
24/10/2022,5.91,5.79,6.06,6.1,5.76
25/10/2022,5.82,5.69,5.97,5.99,5.66
26/10/2022,5.75,5.61,5.88,5.89,5.58
27/10/2022,5.68,5.54,5.82,5.83,5.51
28/10/2022,5.75,5.6,5.87,5.88,5.58
31/10/2022,5.79,5.64,5.9,5.94,5.63
1/11/2022,5.76,5.65,5.88,5.88,5.6
2/11/2022,5.75,5.65,5.88,5.87,5.61
3/11/2022,5.84,5.75,5.97,5.96,5.69
4/11/2022,5.84,5.74,5.95,5.96,5.69
7/11/2022,5.88,5.77,5.98,5.99,5.72
8/11/2022,5.8,5.7,5.91,5.93,5.64
9/11/2022,5.82,5.7,5.93,5.97,5.65
10/11/2022,5.52,5.39,5.65,5.64,5.36
14/11/2022,5.52,5.38,5.61,5.61,5.37
15/11/2022,5.44,5.28,5.51,5.5,5.29
16/11/2022,5.37,5.2,5.44,5.42,5.21
17/11/2022,5.44,5.27,5.51,5.48,5.27
18/11/2022,5.45,5.28,5.53,5.49,5.29
21/11/2022,5.43,5.27,5.52,5.46,5.28
22/11/2022,5.38,5.22,5.5,5.42,5.23
23/11/2022,5.35,5.15,5.44,5.36,5.17
